product_id,product_name,category,segment,size,color,price,cogs
1,BambooCraft UC-21,Streetwear,Everyday,L,orange,19529.37,16287.49
2,MekongFit UC-07,Streetwear,Everyday,M,purple,4409.37,3289.39
3,SaigonFlex UC-59,Streetwear,Everyday,L,white,42.91,24.5
4,HanoiStreet UM-36,Streetwear,Balanced,S,orange,9109.17,8653.71
5,SaigonFlex UC-97,Streetwear,Everyday,S,orange,4844.7,2618.08
6,SaigonFlex UM-13,Streetwear,Balanced,S,pink,16386.07,15566.76
7,VietMotion UC-07,Streetwear,Everyday,XL,yellow,5399.83,3136.76
8,VietMode RS-03,Outdoor,Premium,M,purple,3747.24,2006.27
9,VietMode RS-10,Outdoor,Premium,S,orange,3873.24,2666.34
10,MekongFit RS-06,Outdoor,Premium,L,pink,4700.35,4323.85
11,DragonWear RS-04,Outdoor,Premium,XL,black,4787.37,4096.55
12,HanoiStreet UR-05,Streetwear,Standard,XL,yellow,24.12,15.54
13,SaigonCore UE-28,Streetwear,Performance,M,blue,6713.7,3936.91
14,MekongFit UR-02,Streetwear,Standard,M,purple,4040.82,3302.97
15,VietMode RP-53,Outdoor,Activewear,M,black,4524.5,2532.36
16,HanoiStreet YY-10,GenZ,Trendy,M,yellow,1383.88,862.57
17,HanoiStreet RP-19,Outdoor,Activewear,XL,black,1763.37,1675.2
18,SaigonCore YY-55,GenZ,Trendy,S,red,2319.87,1394.47
19,UrbanVN RP-19,Outdoor,Activewear,S,white,36.39,20.03
20,PhoenixWear UE-15,Streetwear,Performance,L,orange,48.79,29.54
21,VietMode RP-37,Outdoor,Activewear,M,purple,70.3,44.84
22,SaigonFlex UE-09,Streetwear,Performance,M,black,6740.37,5806.83
23,HanoiStreet UC-56,Streetwear,Everyday,M,blue,4262.35,3732.12
24,MekongFit UM-01,Streetwear,Balanced,S,white,8199.46,7789.49
25,VietMode RP-17,Outdoor,Activewear,M,purple,3680.24,2233.54
26,VietMotion UR-09,Streetwear,Standard,L,green,34.43,21.06
27,SaigonCore YY-22,GenZ,Trendy,XL,silver,3026.87,1800.68
28,DragonWear UR-23,Streetwear,Standard,S,orange,27.27,15.97
29,UrbanVN UM-01,Streetwear,Balanced,L,white,7359.57,5306.25
30,DragonWear MA-07,Casual,All-weather,XL,silver,5307.0,3533.93
31,MekongFit UR-03,Streetwear,Standard,L,green,63.62,35.57
33,MekongFit UC-23,Streetwear,Everyday,M,black,9335.13,8663.0
34,PhoenixWear UE-03,Streetwear,Performance,L,red,5932.95,4969.43
35,VietMode MA-44,Casual,All-weather,S,pink,9126.56,6083.77
36,VietMode RS-17,Outdoor,Premium,XL,yellow,63.53,35.5
37,VietMode MA-35,Casual,All-weather,XL,yellow,6504.16,6178.95
38,VietMode RS-73,Outdoor,Premium,XL,purple,42.34,25.51
39,BambooCraft UC-23,Streetwear,Everyday,S,white,8222.53,5716.3
40,UrbanVN RP-24,Outdoor,Activewear,M,yellow,3728.77,2876.75
41,MekongFit RP-54,Outdoor,Activewear,S,pink,1920.87,1074.15
42,HanoiStreet UR-04,Streetwear,Standard,L,pink,46.57,26.69
43,NamStyle YY-23,GenZ,Trendy,S,orange,3086.37,2034.84
44,HanoiStreet UC-09,Streetwear,Everyday,L,green,8360.99,4980.64
45,LotusWear UE-98,Streetwear,Performance,M,silver,17.81,10.39
46,VietMode RP-34,Outdoor,Activewear,L,orange,5598.43,3566.2
47,VietMotion MA-16,Casual,All-weather,L,orange,3857.99,3393.11
48,DragonWear UR-15,Streetwear,Standard,S,white,5789.7,5500.21
49,UrbanVN UC-05,Streetwear,Everyday,L,red,6299.11,5095.98
50,MekongFit UR-06,Streetwear,Standard,M,yellow,440.37,418.35
51,VietMode MP-15,Casual,Activewear,XL,silver,5983.74,5684.55
52,VietMode RS-23,Outdoor,Premium,M,purple,5039.37,4674.52
53,UrbanVN UC-17,Streetwear,Everyday,L,orange,4066.09,3089.42
54,DragonWear UM-25,Streetwear,Balanced,L,pink,52.64,33.92
55,VietMode RP-50,Outdoor,Activewear,L,pink,4912.74,4573.27
56,VietMode RP-37,Outdoor,Activewear,M,purple,4695.1,2763.54
57,DragonWear UM-09,Streetwear,Balanced,L,orange,36.34,22.65
58,VietMode RP-25,Outdoor,Activewear,M,blue,4346.33,4129.01
59,LotusWear UE-05,Streetwear,Performance,S,white,31.05,18.38
60,HanoiStreet YY-12,GenZ,Trendy,XL,black,3527.37,2848.35
61,HanoiStreet UE-01,Streetwear,Performance,S,orange,20.52,12.13
62,MekongFit UE-18,Streetwear,Performance,L,orange,2220.57,2109.54
63,HanoiStreet MA-09,Casual,All-weather,L,orange,3720.71,3306.6
64,PhoenixWear UM-12,Streetwear,Balanced,M,black,7559.25,6029.26
65,VietMode RP-20,Outdoor,Activewear,S,pink,36.22,22.75
66,UrbanVN RP-50,Outdoor,Activewear,XL,purple,692.31,657.69
67,VietMotion UE-12,Streetwear,Performance,L,pink,18.44,10.16
68,VietMotion UE-23,Streetwear,Performance,M,yellow,27.99,17.25
69,DragonWear UM-20,Streetwear,Balanced,M,blue,12532.03,7611.96
70,DragonWear UM-06,Streetwear,Balanced,XL,yellow,36.61,20.81
71,HanoiStreet RS-08,Outdoor,Premium,S,white,1932.17,1751.32
72,VietMode RP-67,Outdoor,Activewear,XL,purple,33.86,21.33
73,HanoiStreet RP-60,Outdoor,Activewear,S,orange,,1835.4
74,SaigonCore UE-19,Streetwear,Performance,S,white,7238.7,5703.37
75,SaigonFlex UC-95,Streetwear,Everyday,L,red,6176.85,3866.09
76,VietMode MP-08,Casual,Activewear,S,red,5669.37,5385.9
77,DragonWear UM-35,Streetwear,Balanced,S,pink,11844.0,9063.03
78,MekongFit RP-39,Outdoor,Activewear,M,blue,711.03,525.02
79,MekongFit MA-10,Casual,All-weather,S,orange,2991.81,2762.64
80,VietMode RP-34,Outdoor,Activewear,L,orange,4865.72,4294.0
81,HanoiStreet RS-17,Outdoor,Premium,M,blue,3464.37,3291.15
82,VietMode RP-43,Outdoor,Activewear,XL,black,5038.74,4786.8
83,VietMotion YY-10,GenZ,Trendy,M,black,2015.37,1140.9
84,HanoiStreet RP-51,Outdoor,Activewear,XL,blue,3884.38,2371.8
85,PhoenixWear UM-02,Streetwear,Balanced,XL,black,6929.37,5689.01
86,HanoiStreet UE-03,Streetwear,Performance,L,white,45.83,27.74
87,SaigonCore YY-38,GenZ,Trendy,XL,blue,1704.79,1064.98
88,VietMode RS-16,Outdoor,Premium,L,pink,34.11,20.53
89,HanoiStreet RP-79,Outdoor,Activewear,XL,black,811.89,584.96
90,MekongStyle UC-14,Streetwear,Everyday,L,orange,14486.85,11301.19
91,HanoiStreet MA-16,Casual,All-weather,M,yellow,40.76,24.16
92,DragonWear UM-38,Streetwear,Balanced,XL,black,9513.0,9037.35
93,LotusWear UE-37,Streetwear,Performance,S,green,32.66,20.31
94,UrbanVN UE-03,Streetwear,Performance,XL,blue,9308.55,5375.69
95,HanoiStreet UC-27,Streetwear,Everyday,S,white,3906.51,2223.98
96,DragonWear RP-21,Outdoor,Activewear,L,green,5043.4,4791.23
97,MekongFit UE-04,Streetwear,Performance,S,pink,4290.58,4000.1
98,PhoenixWear UC-04,Streetwear,Everyday,L,white,5039.37,2880.5
99,BambooCraft UM-03,Streetwear,Balanced,M,purple,23.25,13.33
100,BambooCraft UM-17,Streetwear,Balanced,XL,yellow,12504.49,11879.27
101,UrbanVN UR-27,Streetwear,Standard,S,white,37.45,23.06
102,UrbanVN RS-12,Outdoor,Premium,M,blue,1448.37,800.51
103,UrbanVN MA-05,Casual,All-weather,S,orange,3973.69,2680.65
104,HanoiStreet RP-66,Outdoor,Activewear,L,pink,1477.49,1174.31
105,VietMode RP-56,Outdoor,Activewear,S,white,3275.37,2097.87
106,HanoiStreet UM-22,Streetwear,Balanced,L,pink,10919.37,10373.4
107,SaigonFlex UC-22,Streetwear,Everyday,M,silver,10090.44,7554.71
108,MekongFit UC-27,Streetwear,Everyday,M,purple,2511.5,2353.77
109,MekongStyle UC-08,Streetwear,Everyday,S,green,69.47,42.88
110,VietMode RS-45,Outdoor,Premium,XL,silver,5235.27,4973.51
111,SaigonFlex UC-83,Streetwear,Everyday,L,pink,14262.41,13549.29
112,HanoiStreet UM-35,Streetwear,Balanced,XL,black,35.49,22.66
113,VietMode RP-39,Outdoor,Activewear,XL,silver,3892.45,3697.83
114,HanoiStreet UE-31,Streetwear,Performance,L,orange,5687.85,2991.24
115,SaigonCore YY-16,GenZ,Trendy,M,black,3791.74,3602.16
116,SaigonFlex UC-15,Streetwear,Everyday,L,red,6110.11,5804.6
117,UrbanVN RP-40,Outdoor,Activewear,M,purple,1070.37,1016.85
118,LotusWear UR-18,Streetwear,Standard,L,green,8877.43,4855.95
119,SaigonCore YY-12,GenZ,Trendy,M,silver,2735.54,2598.76
120,VietMotion RP-47,Outdoor,Activewear,L,red,1511.37,944.46
121,VietMotion UE-03,Streetwear,Performance,M,yellow,25.01,15.38
122,DragonWear UM-28,Streetwear,Balanced,M,black,23.85,13.21
123,VietMode RS-14,Outdoor,Premium,S,green,2706.41,2571.09
124,VietMode UE-05,Streetwear,Performance,XL,purple,5857.74,4998.41
125,SaigonFlex UM-42,Streetwear,Balanced,M,silver,9651.8,9169.21
126,SaigonFlex UC-57,Streetwear,Everyday,S,orange,11573.64,7346.95
127,MekongFit UR-01,Streetwear,Standard,S,white,4987.52,4154.11
128,VietMode RP-13,Outdoor,Activewear,M,black,5164.74,3993.89
129,MekongFit RP-48,Outdoor,Activewear,L,orange,2676.87,2543.03
130,LotusWear UE-10,Streetwear,Performance,M,yellow,10606.05,10075.75
131,VietMode RP-84,Outdoor,Activewear,S,orange,2068.32,1296.42
132,MekongFit UE-16,Streetwear,Performance,S,red,6400.83,3691.36
133,SaigonFlex UM-75,Streetwear,Balanced,L,red,12524.87,7330.81
134,VietMode RP-99,Outdoor,Activewear,XL,silver,5076.21,4041.17
135,UrbanVN UC-18,Streetwear,Everyday,XL,blue,3872.08,3180.91
136,HanoiStreet UM-12,Streetwear,Balanced,S,pink,10146.74,8943.33
137,SaigonFlex UC-07,Streetwear,Everyday,L,orange,10862.12,7602.4
138,VietMode RP-52,Outdoor,Activewear,S,red,4629.24,4397.78
139,PhoenixWear UE-02,Streetwear,Performance,M,yellow,5228.37,4966.95
140,SaigonFlex UM-88,Streetwear,Balanced,XL,blue,19535.01,18558.26
141,LotusWear UE-04,Streetwear,Performance,XL,blue,7286.85,6664.55
142,VietMotion UR-04,Streetwear,Standard,M,black,33.39,21.1
143,VietMode RP-00,Outdoor,Activewear,S,pink,1537.09,1460.23
144,UrbanVN RP-35,Outdoor,Activewear,S,red,1177.47,615.82
145,VietMode RS-65,Outdoor,Premium,XL,silver,31.66,18.85
146,DragonWear UR-38,Streetwear,Standard,XL,silver,24.88,14.22
147,VietMotion UC-20,Streetwear,Everyday,S,orange,4787.37,2481.77
148,DragonWear MA-13,Casual,All-weather,M,blue,5260.3,4066.74
149,LotusWear UE-18,Streetwear,Performance,M,silver,8483.48,6521.25
150,VietMode UR-03,Streetwear,Standard,L,red,5353.74,4705.94
151,VietMode RP-11,Outdoor,Activewear,XL,yellow,5669.15,4481.46
152,HanoiStreet MA-14,Casual,All-weather,XL,silver,37.68,21.75
153,UrbanVN YY-02,GenZ,Trendy,L,pink,3660.2,3166.07
154,SaigonFlex UC-35,Streetwear,Everyday,L,red,10899.89,10354.89
155,NamStyle YY-19,GenZ,Trendy,S,pink,61.59,36.29
156,SaigonCore MA-05,Casual,All-weather,L,red,9553.27,6129.37
157,HanoiStreet YY-09,GenZ,Trendy,S,pink,3261.77,2694.22
158,DragonWear UR-06,Streetwear,Standard,XL,purple,40.67,24.0
159,VietMotion RS-07,Outdoor,Premium,L,white,54.33,33.23
160,UrbanVN RP-55,Outdoor,Activewear,S,red,2026.08,1593.31
161,SaigonCore RP-13,Outdoor,Activewear,S,white,5217.51,4956.63
162,SaigonCore YY-33,GenZ,Trendy,L,pink,3592.58,3074.17
163,VietMode UE-02,Streetwear,Performance,S,orange,8188.74,4955.83
164,SaigonFlex UC-18,Streetwear,Everyday,M,blue,11516.62,9748.82
165,DragonWear UC-06,Streetwear,Everyday,L,white,23.03,14.65
166,MekongFit RP-36,Outdoor,Activewear,L,red,4610.97,4380.42
167,VietMode RS-80,Outdoor,Premium,L,orange,18.06,11.51
168,SaigonFlex UC-60,Streetwear,Everyday,XL,purple,8975.73,5284.91
169,VietMotion UR-16,Streetwear,Standard,M,blue,20.38,12.31
170,LotusWear UE-75,Streetwear,Performance,L,white,13924.6,13228.37
171,VietMode RP-24,Outdoor,Activewear,S,orange,5354.37,5086.65
172,VietMode RP-77,Outdoor,Activewear,M,purple,4230.24,2410.81
173,SaigonCore YY-51,GenZ,Trendy,S,green,1322.37,1104.31
174,PhoenixWear UM-14,Streetwear,Balanced,XL,blue,7489.43,5615.57
175,UrbanVN UE-11,Streetwear,Performance,XL,black,9008.37,6208.57
176,VietMotion RS-03,Outdoor,Premium,L,red,3778.76,3589.83
177,LotusWear UR-16,Streetwear,Standard,S,white,7556.85,7036.18
178,VietMode RS-19,Outdoor,Premium,M,black,16.75,9.27
179,SaigonFlex UM-08,Streetwear,Balanced,XL,blue,21108.8,18867.05
180,NamStyle YY-26,GenZ,Trendy,XL,purple,3144.4,2987.18
181,VietMode RP-33,Outdoor,Activewear,M,black,5598.43,3174.87
182,DragonWear UE-09,Streetwear,Performance,M,black,8498.7,8073.76
183,UrbanVN UC-30,Streetwear,Everyday,XL,purple,50.54,32.33
184,VietMode RP-97,Outdoor,Activewear,M,purple,4692.24,4457.63
185,UrbanVN UR-35,Streetwear,Standard,S,orange,44.65,27.67
186,VietMode RS-83,Outdoor,Premium,M,purple,5039.37,2724.28
187,DragonWear UM-39,Streetwear,Balanced,S,orange,30.02,19.26
188,SaigonFlex UM-14,Streetwear,Balanced,M,yellow,20.19,12.96
189,UrbanVN UE-21,Streetwear,Performance,M,black,4375.12,4156.36
190,VietMotion UE-11,Streetwear,Performance,M,silver,5033.7,3153.61
191,HanoiStreet UR-36,Streetwear,Standard,L,red,29.93,18.24
192,PhoenixWear UE-14,Streetwear,Performance,M,black,6821.85,5840.87
193,HanoiStreet UR-31,Streetwear,Standard,M,purple,45.14,25.52
194,SaigonFlex UC-84,Streetwear,Everyday,XL,yellow,,6509.62
195,SaigonCore YY-17,GenZ,Trendy,L,orange,4346.37,2195.35
196,LotusWear UR-20,Streetwear,Standard,S,pink,6826.62,5780.78
197,DragonWear MA-25,Casual,All-weather,M,purple,36.51,22.2
198,VietMotion MA-01,Casual,All-weather,XL,silver,78.36,46.39
199,IndigoViet UM-02,Streetwear,Balanced,S,red,14491.71,8826.9
200,VietMode UE-14,Streetwear,Performance,S,white,5416.74,3482.42
201,VietMode RP-64,Outdoor,Activewear,S,orange,3202.95,2647.24
202,UrbanVN MA-13,Casual,All-weather,S,red,3366.6,3198.27
203,PhoenixWear UE-16,Streetwear,Performance,XL,blue,8504.37,7320.56
204,HanoiStreet RP-16,Outdoor,Activewear,S,pink,818.37,554.36
205,NamStyle YY-15,GenZ,Trendy,S,white,1637.37,870.92
206,DragonWear UR-35,Streetwear,Standard,S,white,6815.39,3720.52
207,VietMode RS-76,Outdoor,Premium,L,pink,26.3,14.63
208,VietMode RP-23,Outdoor,Activewear,XL,black,5354.37,2882.26
209,UrbanVN UE-02,Streetwear,Performance,L,orange,7307.37,5269.34
210,PhoenixWear UC-02,Streetwear,Everyday,S,orange,16.36,9.14
211,DragonWear UR-39,Streetwear,Standard,S,pink,43.46,28.03
212,VietMode RP-80,Outdoor,Activewear,S,pink,4471.74,4248.15
213,UrbanVN RP-43,Outdoor,Activewear,S,pink,2865.87,2722.58
214,MekongFit RP-10,Outdoor,Activewear,S,white,1960.24,1605.83
215,MekongFit RP-19,Outdoor,Activewear,M,blue,2834.37,2692.65
216,VietMode RP-02,Outdoor,Activewear,L,red,3195.99,1813.72
217,SaigonFlex UM-05,Streetwear,Balanced,S,red,9886.8,7227.25
218,MekongFit RP-11,Outdoor,Activewear,M,purple,3731.97,2473.18
219,UrbanVN YY-05,GenZ,Trendy,M,black,42.87,25.64
220,SaigonCore UE-16,Streetwear,Performance,M,black,6970.46,6092.88
221,MekongFit UC-06,Streetwear,Everyday,S,white,4808.37,4567.95
222,SaigonFlex UC-28,Streetwear,Everyday,XL,blue,9445.09,8972.84
223,SaigonFlex UC-32,Streetwear,Everyday,XL,silver,10134.78,8711.85
224,SaigonCore UE-07,Streetwear,Performance,S,orange,7868.7,5265.73
225,DragonWear RS-03,Outdoor,Premium,L,red,5039.37,3891.4
226,VietMode RP-94,Outdoor,Activewear,L,orange,4400.34,2938.11
227,VietMotion RP-13,Outdoor,Activewear,S,green,24.4,14.02
228,DragonWear RP-20,Outdoor,Activewear,M,purple,3779.37,3427.13
229,LotusWear UM-01,Streetwear,Balanced,XL,blue,10136.85,5587.43
230,HanoiStreet UM-06,Streetwear,Balanced,L,orange,4674.73,4440.99
231,DragonWear UM-16,Streetwear,Balanced,M,yellow,10073.7,6682.89
232,SaigonFlex UC-91,Streetwear,Everyday,L,green,17013.9,16163.2
233,DragonWear MA-08,Casual,All-weather,S,pink,5353.45,3709.4
234,VietMode RP-71,Outdoor,Activewear,XL,yellow,3967.74,3426.54
235,LotusWear RP-05,Outdoor,Activewear,M,silver,38.78,23.6
236,MekongFit RP-30,Outdoor,Activewear,S,white,22.13,12.44
237,MekongFit UM-10,Streetwear,Balanced,M,blue,7748.37,4407.27
238,HanoiStreet UM-32,Streetwear,Balanced,S,pink,36.08,20.99
239,VietMode RS-09,Outdoor,Premium,XL,black,29.73,18.02
240,UrbanVN UE-08,Streetwear,Performance,S,pink,59.81,38.78
241,VietMotion RP-23,Outdoor,Activewear,L,green,3905.37,3541.78
242,VietMotion UM-08,Streetwear,Balanced,M,blue,9638.37,9156.45
243,VietMotion RP-29,Outdoor,Activewear,S,orange,32.25,20.86
244,VietMode RP-47,Outdoor,Activewear,XL,purple,3716.37,2789.88
245,LotusWear UE-39,Streetwear,Performance,L,pink,10553.85,5995.64
246,NamStyle YY-02,GenZ,Trendy,XL,black,2834.37,1825.9
247,DragonWear UM-32,Streetwear,Balanced,M,purple,46.01,26.14
248,VietMotion YY-03,GenZ,Trendy,L,white,1618.17,1252.47
249,HanoiStreet RP-64,Outdoor,Activewear,S,green,44.73,25.66
250,DragonWear UE-11,Streetwear,Performance,XL,blue,9191.45,8731.87
251,SaigonFlex UC-52,Streetwear,Everyday,XL,silver,5610.65,4180.5
252,VietMode MA-16,Casual,All-weather,S,red,5373.01,5104.36
253,VietMode RP-29,Outdoor,Activewear,M,silver,30.02,18.32
254,UrbanVN UR-43,Streetwear,Standard,S,red,26.14,16.68
255,LotusWear UE-14,Streetwear,Performance,M,blue,8405.19,6159.33
256,UrbanVN RS-04,Outdoor,Premium,M,purple,1920.87,1824.83
257,HanoiStreet RP-77,Outdoor,Activewear,M,yellow,2708.37,2535.31
258,SaigonCore YY-48,GenZ,Trendy,M,blue,4462.21,4239.1
259,HanoiStreet UR-24,Streetwear,Standard,L,pink,18.03,11.71
260,VietMode RP-15,Outdoor,Activewear,XL,blue,29.73,18.41
261,BambooCraft UC-10,Streetwear,Everyday,XL,black,8630.37,5459.57
262,BambooCraft UC-16,Streetwear,Everyday,M,silver,8661.22,4709.1
263,SaigonCore UE-13,Streetwear,Performance,L,pink,8251.73,4414.67
264,HanoiStreet RP-84,Outdoor,Activewear,S,green,3338.27,3052.85
265,LotusWear UC-02,Streetwear,Everyday,S,pink,12720.34,12084.33
266,VietMotion UR-25,Streetwear,Standard,L,orange,48.91,27.4
267,UrbanVN RP-27,Outdoor,Activewear,S,orange,18.33,11.25
268,SaigonCore UM-01,Streetwear,Balanced,M,yellow,7101.19,6343.49
269,LotusWear UE-30,Streetwear,Performance,M,yellow,40950.0,30319.38
270,SaigonFlex UM-09,Streetwear,Balanced,S,white,22378.45,17936.33
271,MekongFit UE-25,Streetwear,Performance,M,yellow,2618.91,2284.48
272,VietMode RP-08,Outdoor,Activewear,S,green,34.1,21.13
273,SaigonCore UC-05,Streetwear,Everyday,XL,yellow,9443.7,8971.52
274,VietMotion UR-07,Streetwear,Standard,S,white,37.7,20.76
275,SaigonFlex UE-22,Streetwear,Performance,L,white,6526.87,5059.63
276,SaigonFlex UM-18,Streetwear,Balanced,M,blue,14675.85,10280.43
277,SaigonFlex UM-00,Streetwear,Balanced,XL,purple,8656.97,6242.54
278,SaigonFlex UC-75,Streetwear,Everyday,L,red,11122.51,9587.6
279,VietMode RP-45,Outdoor,Activewear,M,blue,11.26,6.89
280,DragonWear MA-10,Casual,All-weather,L,red,8183.7,7774.51
281,HanoiStreet UR-20,Streetwear,Standard,L,white,77.39,49.4
282,VietMode MP-20,Casual,Activewear,S,orange,5164.74,2973.86
283,MekongFit UR-12,Streetwear,Standard,XL,purple,5890.31,5044.46
284,HanoiStreet UE-05,Streetwear,Performance,S,green,11024.37,7005.99
285,HanoiStreet UE-15,Streetwear,Performance,L,green,5178.67,4255.83
286,HanoiStreet RS-20,Outdoor,Premium,S,green,4614.08,3811.69
287,UrbanVN UE-04,Streetwear,Performance,S,white,4691.61,4457.03
289,MekongFit RP-58,Outdoor,Activewear,S,orange,1422.87,1014.22
290,UrbanVN UR-18,Streetwear,Standard,XL,purple,4382.41,3917.0
291,UrbanVN UC-23,Streetwear,Everyday,S,pink,7055.37,6285.63
292,VietMode MA-19,Casual,All-weather,XL,blue,23.46,14.61
293,SaigonFlex UM-64,Streetwear,Balanced,XL,yellow,12111.79,8626.02
294,VietMotion MA-17,Casual,All-weather,XL,blue,10199.7,8504.51
295,BambooCraft UM-10,Streetwear,Balanced,S,orange,15214.6,10097.93
296,BambooCraft UM-14,Streetwear,Balanced,S,green,17668.01,16784.61
297,DragonWear RP-14,Outdoor,Activewear,XL,yellow,4325.34,3585.71
298,MekongFit UE-31,Streetwear,Performance,XL,purple,3527.37,2364.75
299,MekongFit UE-23,Streetwear,Performance,XL,silver,5444.8,5172.56
300,VietMode RP-01,Outdoor,Activewear,M,yellow,22.09,12.87
301,PhoenixWear UC-10,Streetwear,Everyday,S,red,5147.28,4889.92
302,DragonWear UM-36,Streetwear,Balanced,M,yellow,14767.08,14028.72
303,SaigonFlex UM-63,Streetwear,Balanced,L,pink,21423.25,16733.7
304,NamStyle YY-01,GenZ,Trendy,L,red,1889.37,1538.51
305,VietMode RP-54,Outdoor,Activewear,L,orange,4524.5,4298.28
306,HanoiStreet UE-29,Streetwear,Performance,S,red,61.92,39.01
307,MekongFit UM-11,Streetwear,Balanced,L,white,11011.57,8816.96
308,VietMode MP-22,Casual,Activewear,L,white,5353.74,5086.05
309,SaigonFlex UM-66,Streetwear,Balanced,M,black,13863.65,13170.47
310,VietMotion UC-10,Streetwear,Everyday,L,orange,25.26,14.35
311,VietMotion UR-24,Streetwear,Standard,M,black,25.26,16.25
312,DragonWear RS-06,Outdoor,Premium,M,blue,3882.46,3688.34
313,VietMode RS-60,Outdoor,Premium,L,orange,72.67,40.55
314,DragonWear UR-29,Streetwear,Standard,L,pink,17.37,9.59
315,DragonWear MA-26,Casual,All-weather,L,green,9437.14,8226.36
316,SaigonFlex UC-42,Streetwear,Everyday,M,silver,36.48,21.98
317,VietMode RP-07,Outdoor,Activewear,XL,purple,4409.28,2546.8
318,NamStyle YY-25,GenZ,Trendy,L,white,1321.59,1255.51
319,MekongFit UC-01,Streetwear,Everyday,XL,yellow,1637.37,1262.25
320,LotusWear UM-06,Streetwear,Balanced,S,pink,7714.35,4099.41
321,VietMotion YY-21,GenZ,Trendy,S,orange,1233.09,836.53
322,DragonWear MA-18,Casual,All-weather,L,pink,4712.7,3098.13
323,SaigonCore UC-07,Streetwear,Everyday,M,black,9474.18,7096.16
324,DragonWear UC-05,Streetwear,Everyday,M,blue,9191.7,7248.57
325,SaigonFlex UC-13,Streetwear,Everyday,S,pink,10560.82,10032.78
326,UrbanVN UR-11,Streetwear,Standard,S,pink,15.17,8.46
327,PhoenixWear UE-09,Streetwear,Performance,S,green,26.79,15.05
328,UrbanVN RP-08,Outdoor,Activewear,M,blue,5291.37,3064.23
329,VietMotion RS-05,Outdoor,Premium,S,orange,56.91,31.49
330,HanoiStreet RP-01,Outdoor,Activewear,M,blue,1952.01,1681.85
331,LotusWear UE-45,Streetwear,Performance,S,white,13905.65,7827.49
332,SaigonFlex UC-38,Streetwear,Everyday,M,blue,3743.69,2813.76
333,LotusWear UE-41,Streetwear,Performance,S,red,52.31,31.73
334,LotusWear UR-24,Streetwear,Standard,S,orange,7556.85,4964.09
335,VietMotion UR-15,Streetwear,Standard,S,orange,22.14,13.58
336,SaigonFlex UC-35,Streetwear,Everyday,L,red,6934.76,6364.03
337,SaigonFlex UM-52,Streetwear,Balanced,XL,silver,18516.82,14254.24
338,UrbanVN RP-03,Outdoor,Activewear,S,pink,37.74,20.91
339,HanoiStreet RP-46,Outdoor,Activewear,L,pink,890.45,845.93
340,HanoiStreet RP-04,Outdoor,Activewear,S,green,1855.63,1762.85
341,UrbanVN MA-10,Casual,All-weather,M,silver,34.43,21.19
342,VietMode MP-23,Casual,Activewear,XL,purple,29.74,16.43
343,DragonWear UE-05,Streetwear,Performance,M,silver,9443.35,8471.63
344,UrbanVN RP-22,Outdoor,Activewear,XL,silver,3369.87,2821.26
345,UrbanVN UR-34,Streetwear,Standard,XL,black,26.47,16.77
346,HanoiStreet MA-12,Casual,All-weather,M,purple,29.5,17.54
347,VietMode RP-79,Outdoor,Activewear,XL,silver,4471.74,4248.15
348,VietMotion RP-37,Outdoor,Activewear,S,red,1070.21,1005.35
349,PhoenixWear UC-07,Streetwear,Everyday,M,silver,7876.34,5431.52
350,MekongFit RP-49,Outdoor,Activewear,XL,blue,1792.7,1145.9
351,SaigonFlex RS-02,Outdoor,Premium,XL,purple,4595.85,3068.65
352,PhoenixWear UR-03,Streetwear,Standard,XL,silver,5036.85,4118.13
353,UrbanVN RS-06,Outdoor,Premium,XL,silver,1972.56,1723.42
354,VietMode RP-04,Outdoor,Activewear,S,orange,37.84,22.49
355,HanoiStreet UC-37,Streetwear,Everyday,L,white,8151.27,6372.66
356,DragonWear MA-37,Casual,All-weather,M,silver,5449.5,5177.02
357,SaigonFlex UM-83,Streetwear,Balanced,L,pink,17103.87,10599.27
358,HanoiStreet UE-38,Streetwear,Performance,M,yellow,34.29,19.78
359,BambooCraft UC-18,Streetwear,Everyday,XL,yellow,11430.58,10859.05
360,MekongFit RP-15,Outdoor,Activewear,M,yellow,1889.37,1137.59
361,VietMode RP-29,Outdoor,Activewear,M,silver,46.89,29.86
362,VietMotion UR-20,Streetwear,Standard,M,silver,42.58,25.72
363,SaigonFlex UM-98,Streetwear,Balanced,M,blue,11636.1,11054.3
364,SaigonCore UE-15,Streetwear,Performance,S,red,17143.7,14587.57
365,HanoiStreet YY-23,GenZ,Trendy,L,orange,1889.37,1779.79
366,UrbanVN UC-20,Streetwear,Everyday,M,purple,8000.37,7600.35
367,NamStyle YY-28,GenZ,Trendy,M,silver,2204.37,1660.33
368,UrbanVN UC-22,Streetwear,Everyday,XL,silver,8712.53,7795.1
369,LotusWear UE-88,Streetwear,Performance,XL,silver,9257.85,8448.71
370,SaigonCore MA-02,Casual,All-weather,XL,silver,10073.7,7977.36
371,VietMode MP-10,Casual,Activewear,L,orange,4786.74,3972.52
372,SaigonFlex UC-58,Streetwear,Everyday,M,blue,22.08,12.49
373,HanoiStreet UC-53,Streetwear,Everyday,L,red,5403.09,3895.09
374,SaigonCore UM-06,Streetwear,Balanced,L,white,38.63,23.63
375,HanoiStreet UE-18,Streetwear,Performance,M,yellow,2910.24,1759.82
376,LotusWear UE-71,Streetwear,Performance,L,red,6949.76,6602.27
377,MekongFit UC-29,Streetwear,Everyday,XL,silver,3804.0,3196.5
378,HanoiStreet UE-30,Streetwear,Performance,M,black,6299.37,5324.23
379,HanoiStreet RP-07,Outdoor,Activewear,XL,yellow,1259.37,981.55
380,SaigonCore RP-04,Outdoor,Activewear,XL,purple,5398.47,3275.79
381,MekongFit RP-09,Outdoor,Activewear,XL,blue,1960.24,1862.23
382,VietMode RP-65,Outdoor,Activewear,M,blue,3841.74,3307.74
383,MekongStyle UC-13,Streetwear,Everyday,M,black,11954.96,6095.84
384,VietMode MA-14,Casual,All-weather,L,pink,9764.37,6568.49
385,DragonWear MA-02,Casual,All-weather,L,orange,39.06,22.66
386,HanoiStreet YY-25,GenZ,Trendy,S,white,55.21,32.88
387,HanoiStreet UE-22,Streetwear,Performance,M,blue,4566.49,2456.77
388,VietMode RS-04,Outdoor,Premium,L,green,2847.54,2029.16
389,UrbanVN RS-08,Outdoor,Premium,M,yellow,4632.06,4400.46
390,NamStyle YY-27,GenZ,Trendy,S,green,4283.37,4069.2
391,HanoiStreet RP-12,Outdoor,Activewear,S,white,41.48,25.82
392,PhoenixWear UE-20,Streetwear,Performance,XL,silver,6928.53,6582.1
393,SaigonFlex UC-18,Streetwear,Everyday,M,blue,10584.53,10055.31
394,SaigonFlex UM-16,Streetwear,Balanced,XL,black,22.93,14.28
395,SaigonFlex UM-01,Streetwear,Balanced,S,green,11028.43,10091.01
396,HanoiStreet UE-10,Streetwear,Performance,M,black,4913.37,3388.26
397,DragonWear UR-18,Streetwear,Standard,XL,silver,44.86,27.98
398,UrbanVN RP-12,Outdoor,Activewear,M,silver,3441.1,3269.04
399,VietMode RP-86,Outdoor,Activewear,L,white,4564.07,3732.95
400,IndigoViet UM-07,Streetwear,Balanced,M,purple,12837.05,7742.03
401,VietMode RP-02,Outdoor,Activewear,L,red,1233.54,706.94
402,VietMode MA-22,Casual,All-weather,L,green,8311.69,6208.83
403,HanoiStreet UR-06,Streetwear,Standard,S,red,7496.37,4533.05
405,BambooCraft UC-25,Streetwear,Everyday,L,green,8808.87,7972.03
406,VietMotion RP-61,Outdoor,Activewear,S,white,41.71,24.74
407,SaigonFlex UM-57,Streetwear,Balanced,S,orange,13107.43,7168.46
408,HanoiStreet UR-37,Streetwear,Standard,XL,black,20.1,12.22
409,BambooCraft UM-07,Streetwear,Balanced,M,yellow,11339.37,7381.93
410,SaigonCore RP-11,Outdoor,Activewear,L,orange,3464.37,2540.42
411,NamStyle YY-09,GenZ,Trendy,L,pink,1898.7,1803.77
412,LotusWear UE-50,Streetwear,Performance,M,yellow,45.44,28.01
413,HanoiStreet UR-14,Streetwear,Standard,S,pink,27.39,15.67
414,VietMode RP-32,Outdoor,Activewear,S,red,2933.64,2571.34
415,SaigonFlex UC-43,Streetwear,Everyday,L,pink,9414.21,6648.32
416,VietMode RP-23,Outdoor,Activewear,XL,black,4093.74,2673.21
417,SaigonFlex UC-02,Streetwear,Everyday,M,silver,10938.36,8362.37
418,MekongFit UC-11,Streetwear,Everyday,M,yellow,20.32,11.54
419,UrbanVN UE-25,Streetwear,Performance,M,purple,47.76,26.36
420,SaigonFlex UC-57,Streetwear,Everyday,S,orange,3023.37,1991.19
421,HanoiStreet UC-02,Streetwear,Everyday,XL,yellow,4494.11,4269.4
422,DragonWear MA-36,Casual,All-weather,S,green,5604.94,3526.07
423,HanoiStreet UE-41,Streetwear,Performance,S,orange,29.38,17.75
424,MekongFit RP-22,Outdoor,Activewear,S,green,3114.11,2258.66
425,DragonWear RP-07,Outdoor,Activewear,S,orange,4094.37,3531.8
426,MekongFit UM-15,Streetwear,Balanced,L,pink,2691.99,1457.98
427,HanoiStreet RP-76,Outdoor,Activewear,S,pink,3820.8,2436.14
428,MekongFit RP-35,Outdoor,Activewear,M,yellow,4610.97,2548.02
429,VietMode RP-55,Outdoor,Activewear,XL,blue,3275.37,2244.28
430,HanoiStreet UC-47,Streetwear,Everyday,S,white,34.62,19.58
431,VietMode RS-28,Outdoor,Premium,L,red,5246.29,4392.72
432,DragonWear UR-36,Streetwear,Standard,M,purple,8309.28,7893.82
433,NamStyle YY-07,GenZ,Trendy,S,green,2204.37,2094.15
434,SaigonFlex UC-27,Streetwear,Everyday,L,orange,11109.75,10554.26
435,LotusWear UR-33,Streetwear,Standard,M,black,9446.85,5966.63
436,HanoiStreet MA-06,Casual,All-weather,XL,yellow,2843.99,1924.53
437,VietMode RS-05,Outdoor,Premium,XL,silver,4426.66,3156.65
438,SaigonFlex UC-55,Streetwear,Everyday,L,red,10658.33,10125.42
439,VietMode RP-19,Outdoor,Activewear,XL,silver,40.14,25.57
440,HanoiStreet UC-62,Streetwear,Everyday,XL,yellow,9245.03,5388.93
441,VietMode MP-09,Casual,Activewear,M,black,4786.74,4467.94
442,NamStyle YY-24,GenZ,Trendy,M,blue,1353.87,1286.18
443,BambooCraft UC-03,Streetwear,Everyday,S,white,10289.23,8385.72
444,VietMode MA-11,Casual,All-weather,XL,purple,9196.74,8009.44
445,LotusWear UR-13,Streetwear,Standard,M,black,5036.85,3089.6
446,HanoiStreet RP-81,Outdoor,Activewear,M,blue,1012.76,643.51
447,VietMode MA-42,Casual,All-weather,L,green,10583.37,8359.8
448,VietMotion MA-12,Casual,All-weather,L,pink,26.06,14.93
449,DragonWear RP-18,Outdoor,Activewear,XL,blue,4800.53,4293.12
450,UrbanVN UR-32,Streetwear,Standard,M,yellow,2519.37,2246.27
451,VietMode RP-06,Outdoor,Activewear,L,white,4678.33,4444.42
452,HanoiStreet UC-04,Streetwear,Everyday,M,black,11339.37,9661.14
453,SaigonFlex UC-38,Streetwear,Everyday,M,blue,27.49,16.36
454,SaigonCore RS-01,Outdoor,Premium,L,green,23.12,14.72
455,SaigonFlex UC-03,Streetwear,Everyday,L,pink,12105.45,11500.18
456,DragonWear UR-22,Streetwear,Standard,XL,black,30.12,16.9
457,SaigonFlex UM-01,Streetwear,Balanced,S,green,11338.43,10771.51
458,SaigonFlex UE-15,Streetwear,Performance,XL,silver,6485.85,5394.28
459,LotusWear UR-12,Streetwear,Standard,S,red,5537.75,5115.22
460,SaigonCore UE-29,Streetwear,Performance,L,white,38.2,24.2
461,HanoiStreet UM-01,Streetwear,Balanced,M,silver,4913.37,3947.89
462,UrbanVN RP-06,Outdoor,Activewear,XL,black,13.67,8.84
463,VietMode RS-43,Outdoor,Premium,M,purple,5118.75,4862.82
464,MekongFit UE-33,Streetwear,Performance,M,silver,5291.37,3505.0
465,LotusWear UE-31,Streetwear,Performance,L,red,11336.85,10173.69
466,VietMode RP-87,Outdoor,Activewear,XL,purple,4629.24,3204.36
467,VietMode RP-10,Outdoor,Activewear,L,pink,3778.74,2748.28
468,IndigoViet UM-04,Streetwear,Balanced,L,orange,16231.72,15420.13
469,PhoenixWear UR-14,Streetwear,Standard,L,pink,5385.87,4297.92
470,SaigonFlex UE-05,Streetwear,Performance,M,silver,8186.85,6897.42
471,VietMode RS-61,Outdoor,Premium,XL,blue,33.59,21.48
472,HanoiStreet MA-10,Casual,All-weather,XL,blue,22.18,13.9
473,VietMotion UC-12,Streetwear,Everyday,S,white,42.3,25.73
474,HanoiStreet YY-18,GenZ,Trendy,M,silver,3407.94,1959.91
475,LotusWear UE-64,Streetwear,Performance,XL,blue,58.04,36.17
476,VietMode RP-70,Outdoor,Activewear,L,pink,4030.74,3829.2
477,VietMotion YY-07,GenZ,Trendy,L,pink,43.57,28.26
478,VietMotion RS-06,Outdoor,Premium,M,blue,31.63,20.31
479,SaigonFlex UC-17,Streetwear,Everyday,S,orange,11588.85,11009.41
480,SaigonFlex UC-09,Streetwear,Everyday,S,white,10607.75,8623.04
481,SaigonFlex UC-72,Streetwear,Everyday,XL,silver,11408.04,7676.47
482,VietMode RP-58,Outdoor,Activewear,L,green,2802.24,1524.14
483,UrbanVN YY-04,GenZ,Trendy,S,red,4801.85,2893.11
484,PhoenixWear UE-21,Streetwear,Performance,S,pink,5039.37,4227.53
485,MekongFit RP-05,Outdoor,Activewear,XL,yellow,1979.36,1058.36
486,LotusWear UE-74,Streetwear,Performance,M,blue,20786.85,15267.94
487,HanoiStreet MA-18,Casual,All-weather,XL,black,2900.22,2181.54
488,MekongFit UE-03,Streetwear,Performance,XL,silver,3123.12,1696.17
489,IndigoViet UM-03,Streetwear,Balanced,M,black,18386.83,15661.91
490,VietMotion RS-01,Outdoor,Premium,S,pink,27.45,16.82
491,UrbanVN UR-36,Streetwear,Standard,M,blue,42.27,26.13
492,SaigonFlex UM-80,Streetwear,Balanced,XL,purple,12606.23,10040.86
493,SaigonCore UE-17,Streetwear,Performance,L,orange,6087.37,3511.8
494,BambooCraft UM-16,Streetwear,Balanced,L,pink,9708.28,7207.43
495,HanoiStreet UE-36,Streetwear,Performance,XL,silver,5860.36,5567.35
496,SaigonFlex UC-47,Streetwear,Everyday,L,orange,11641.83,11059.74
497,SaigonCore YY-31,GenZ,Trendy,S,green,1705.58,1041.77
498,UrbanVN MA-17,Casual,All-weather,S,white,4242.39,4030.27
499,MekongFit UC-22,Streetwear,Everyday,S,red,7693.69,5870.29
500,SaigonFlex UM-97,Streetwear,Balanced,S,orange,11054.69,9357.8
501,NamStyle UC-01,Streetwear,Everyday,M,yellow,2708.37,1355.27
502,VietMode RP-05,Outdoor,Activewear,M,blue,4678.33,4099.62
503,HanoiStreet UM-30,Streetwear,Balanced,L,green,6985.37,6636.1
504,BambooCraft UM-02,Streetwear,Balanced,S,white,11978.29,7438.52
505,LotusWear UE-48,Streetwear,Performance,XL,silver,14014.35,13313.63
506,MekongFit RP-51,Outdoor,Activewear,M,purple,3028.62,2877.19
507,MekongFit RP-55,Outdoor,Activewear,M,yellow,2555.29,2320.71
508,LotusWear RP-09,Outdoor,Activewear,M,black,46.92,27.07
509,VietMotion UR-06,Streetwear,Standard,XL,blue,29.25,17.57
510,VietMode UE-15,Streetwear,Performance,M,purple,8188.74,4606.99
511,SaigonFlex UC-46,Streetwear,Everyday,M,black,8907.55,8272.45
512,MekongFit RP-23,Outdoor,Activewear,M,silver,4317.6,4101.72
513,SaigonFlex UM-78,Streetwear,Balanced,M,blue,18458.3,13679.45
514,PhoenixWear UE-22,Streetwear,Performance,M,yellow,6603.96,3515.95
515,VietMotion UE-07,Streetwear,Performance,M,blue,999999999.0,18.39
516,VietMode RP-46,Outdoor,Activewear,L,white,32.4,19.32
517,SaigonCore UC-03,Streetwear,Everyday,M,silver,5696.86,3744.54
518,SaigonFlex UM-06,Streetwear,Balanced,M,black,13211.57,7279.58
519,DragonWear MA-21,Casual,All-weather,M,black,5165.07,4456.42
520,SaigonFlex UC-61,Streetwear,Everyday,S,green,9577.15,5842.06
521,NamStyle YY-30,GenZ,Trendy,XL,yellow,53.08,32.38
522,VietMode RP-72,Outdoor,Activewear,S,red,4469.57,3598.0
523,MekongFit RP-08,Outdoor,Activewear,L,orange,1800.5,1710.47
524,HanoiStreet RS-03,Outdoor,Premium,XL,yellow,37.97,24.16
525,PhoenixWear UR-01,Streetwear,Standard,M,purple,6173.37,4869.55
526,VietMotion RS-10,Outdoor,Premium,M,silver,3358.79,3190.85
527,LotusWear UC-05,Streetwear,Everyday,XL,black,12281.85,7574.22
528,SaigonFlex UM-70,Streetwear,Balanced,M,purple,14179.44,13470.47
529,VietMotion UM-05,Streetwear,Balanced,L,red,9669.87,7081.25
530,MekongFit UE-20,Unknown,Performance,S,white,7559.37,5095.77
531,MekongFit UC-28,Streetwear,Everyday,L,green,6689.1,5573.36
532,VietMotion UR-19,Streetwear,Standard,S,green,42.51,26.61
533,SaigonCore UE-21,Streetwear,Performance,L,green,7948.04,7430.62
534,HanoiStreet UC-34,Streetwear,Everyday,XL,black,15434.37,14662.65
535,PhoenixWear UM-07,Streetwear,Balanced,S,green,6892.44,6547.82
536,DragonWear MA-41,Casual,All-weather,M,black,10143.0,8305.09
537,UrbanVN UE-10,Streetwear,Performance,L,red,6047.04,5297.81
538,HanoiStreet RP-40,Outdoor,Activewear,S,orange,32.46,18.53
539,DragonWear UR-40,Streetwear,Standard,M,yellow,24.73,15.54
540,MekongFit MA-05,Casual,All-weather,XL,silver,2653.82,1379.99
541,SaigonCore UR-07,Streetwear,Standard,M,black,10076.85,8257.98
542,BambooCraft UM-19,Streetwear,Balanced,M,black,11652.15,7134.61
543,SaigonCore UR-01,Streetwear,Standard,XL,purple,6236.37,4906.78
544,UrbanVN UE-23,Streetwear,Performance,XL,blue,27.09,15.64
545,MekongFit UC-26,Streetwear,Everyday,S,white,44.5,27.69
546,SaigonFlex UE-19,Streetwear,Performance,XL,black,7557.78,7179.89
547,SaigonFlex UC-63,Streetwear,Everyday,L,pink,11489.45,7924.28
548,SaigonFlex UC-04,Streetwear,Everyday,XL,yellow,10586.43,10057.11
549,VietMode RP-28,Outdoor,Activewear,S,green,4004.84,2924.74
550,HanoiStreet UM-04,Streetwear,Balanced,S,red,12599.37,11653.16
551,LotusWear UE-49,Streetwear,Performance,S,pink,44.74,26.73
552,NamStyle YY-29,GenZ,Trendy,L,pink,1889.37,1718.38
553,BambooCraft UC-19,Streetwear,Everyday,S,red,18.33,11.31
554,HanoiStreet UM-23,Streetwear,Balanced,XL,yellow,9597.87,7830.9
555,LotusWear UE-73,Streetwear,Performance,S,orange,12596.85,11250.25
556,LotusWear UR-09,Streetwear,Standard,M,silver,6401.85,3225.89
557,HanoiStreet RP-32,Outdoor,Activewear,S,white,3275.37,2282.28
558,SaigonCore YY-19,GenZ,Trendy,S,white,29.98,18.82
559,UrbanVN MA-09,Casual,All-weather,S,green,3559.95,3381.95
560,VietMode RP-89,Outdoor,Activewear,M,silver,5669.37,5385.9
561,VietMode RS-57,Outdoor,Premium,XL,yellow,21.89,13.79
562,MekongFit MA-07,Casual,All-weather,M,yellow,3141.3,2842.56
563,VietMode RP-96,Outdoor,Activewear,S,white,4245.68,3142.65
564,NamStyle YY-31,GenZ,Trendy,S,red,3527.37,2218.36
565,DragonWear UE-07,Streetwear,Performance,XL,yellow,37.81,21.77
566,MekongFit RP-20,Outdoor,Activewear,L,white,2834.37,2536.48
567,VietMotion RP-44,Outdoor,Activewear,XL,silver,1574.37,850.16
568,DragonWear MA-29,Casual,All-weather,M,yellow,6293.7,5979.02
569,HanoiStreet RP-13,Outdoor,Activewear,M,purple,1341.31,1274.25
570,VietMode RP-26,Outdoor,Activewear,L,white,22.9,14.01
571,SaigonFlex UC-20,Streetwear,Everyday,XL,purple,11836.94,7837.24
572,VietMotion UC-25,Streetwear,Everyday,M,silver,10451.7,9744.12
573,SaigonCore YY-29,GenZ,Trendy,L,white,3023.37,2052.87
574,VietMode RP-08,Outdoor,Activewear,S,green,5668.74,4769.68
575,UrbanVN RP-09,Outdoor,Activewear,L,white,1609.91,1337.84
576,VietMotion RS-14,Outdoor,Premium,M,black,33.18,18.64
577,VietMotion RP-34,Outdoor,Activewear,M,silver,2193.03,1336.65
578,LotusWear UE-53,Streetwear,Performance,S,orange,11613.77,9075.0
579,LotusWear UE-58,Streetwear,Performance,M,silver,18896.85,11857.77
580,BambooCraft UM-11,Streetwear,Balanced,M,blue,9675.6,9191.82
581,UrbanVN UE-09,Streetwear,Performance,M,yellow,5425.36,5021.17
582,DragonWear MA-24,Casual,All-weather,S,white,23.83,13.27
583,VietMotion MA-08,Casual,All-weather,L,white,79.51,51.56
584,MekongFit MA-03,Casual,All-weather,M,purple,2541.87,1871.58
585,MekongFit UM-04,Streetwear,Balanced,XL,silver,9359.51,8891.53
586,VietMode RS-11,Outdoor,Premium,M,blue,44.12,24.31
587,MekongFit UC-24,Streetwear,Everyday,L,orange,35.83,20.58
588,DragonWear UM-22,Streetwear,Balanced,XL,purple,22.42,12.83
589,BambooCraft UC-09,Streetwear,Everyday,L,red,29.36,17.31
590,VietMode RS-59,Outdoor,Premium,M,black,20.51,12.95
591,HanoiStreet UR-22,Streetwear,Standard,S,green,6929.37,6582.9
592,MekongFit RP-52,Outdoor,Activewear,L,green,3028.62,2278.43
593,MekongFit MA-02,Casual,All-weather,S,white,3432.87,3261.23
594,LotusWear UE-67,Streetwear,Performance,L,green,12596.85,11967.01
595,SaigonFlex UM-69,Streetwear,Balanced,S,white,7809.46,4229.6
596,VietMode RP-09,Outdoor,Activewear,M,silver,3944.04,3586.71
597,UrbanVN UR-12,Streetwear,Standard,M,yellow,31.16,19.79
598,SaigonFlex UM-21,Streetwear,Balanced,S,green,10765.6,9498.49
599,SaigonCore YY-07,GenZ,Trendy,S,orange,1103.37,1048.2
600,PhoenixWear UR-18,Streetwear,Standard,L,orange,6299.37,5456.51
601,SaigonFlex UC-85,Streetwear,Everyday,S,red,30.15,17.16
602,VietMode RP-43,Outdoor,Activewear,XL,black,4603.8,4373.61
603,VietMotion UC-27,Streetwear,Everyday,XL,yellow,2324.01,2207.81
604,BambooCraft UC-07,Streetwear,Everyday,S,pink,10940.58,10050.02
605,VietMotion UC-24,Streetwear,Everyday,S,green,8381.72,7962.63
606,VietMotion RP-36,Outdoor,Activewear,XL,yellow,1546.07,1225.11
607,VietMotion RP-48,Outdoor,Activewear,XL,black,1511.37,1150.61
608,VietMode RP-14,Outdoor,Activewear,L,orange,27.0,15.33
609,UrbanVN RS-07,Outdoor,Premium,S,pink,68.89,43.71
610,PhoenixWear UE-01,Streetwear,Performance,S,pink,7739.01,4210.02
611,VietMotion RP-22,Outdoor,Activewear,M,purple,768.18,444.85
612,SaigonCore YY-35,GenZ,Trendy,S,red,3968.37,2471.1
613,DragonWear MA-34,Casual,All-weather,L,white,27.43,15.21
614,SaigonFlex UC-93,Streetwear,Everyday,S,pink,11516.4,9278.76
615,PhoenixWear UM-11,Streetwear,Balanced,S,red,6667.37,3474.37
616,VietMode RP-92,Outdoor,Activewear,S,red,34.87,19.35
617,DragonWear RP-04,Outdoor,Activewear,M,yellow,786.87,401.85
618,SaigonFlex UM-73,Streetwear,Balanced,S,pink,17.41,10.05
619,DragonWear UC-03,Streetwear,Everyday,XL,black,9513.0,9029.74
620,SaigonFlex UC-92,Streetwear,Everyday,XL,silver,11006.55,7708.99
621,VietMode RS-53,Outdoor,Premium,XL,purple,3167.9,3009.5
622,SaigonCore UE-01,Streetwear,Performance,L,green,8892.5,5203.89
623,NamStyle YY-22,GenZ,Trendy,XL,black,1386.88,1076.91
624,VietMode RS-67,Outdoor,Premium,M,yellow,2770.74,1718.69
625,UrbanVN UR-21,Streetwear,Standard,L,pink,26.16,16.16
626,SaigonFlex UM-26,Streetwear,Balanced,M,black,21110.52,17857.39
627,PhoenixWear UM-15,Streetwear,Balanced,S,white,10854.36,6990.21
628,SaigonFlex UM-49,Streetwear,Balanced,S,white,13238.56,12576.63
629,VietMode RP-07,Outdoor,Activewear,XL,purple,5668.74,3382.54
630,SaigonCore UE-12,Streetwear,Performance,M,silver,7626.91,6550.75
631,DragonWear MA-27,Casual,All-weather,XL,silver,5077.28,4735.07
632,HanoiStreet UE-25,Streetwear,Performance,S,green,10079.37,9575.4
633,LotusWear UR-47,Streetwear,Standard,XL,purple,9446.85,7969.36
634,SaigonFlex UC-12,Streetwear,Everyday,XL,silver,6544.42,4298.38
635,SaigonFlex UC-64,Streetwear,Everyday,XL,yellow,10648.86,10116.41
636,HanoiStreet UE-21,Streetwear,Performance,S,orange,25.58,14.43
637,VietMode UE-09,Streetwear,Performance,XL,yellow,10719.6,10183.62
638,HanoiStreet RS-19,Outdoor,Premium,XL,purple,26.29,14.95
639,VietMode RP-38,Outdoor,Activewear,L,green,56.72,33.49
640,VietMotion UE-24,Streetwear,Performance,L,red,4649.9,4417.4
641,VietMode UE-17,Streetwear,Performance,XL,silver,8819.22,8378.26
642,LotusWear UR-44,Streetwear,Standard,S,orange,7556.85,5834.64
643,MekongFit UC-09,Streetwear,Everyday,XL,silver,8323.85,7907.66
644,MekongFit MA-04,Casual,All-weather,L,green,1243.62,1007.58
645,LotusWear UR-25,Streetwear,Standard,M,blue,8816.85,5025.6
646,HanoiStreet UE-34,Streetwear,Performance,M,purple,3806.73,3616.4
647,VietMotion RP-40,Outdoor,Activewear,XL,blue,33.75,19.66
648,SaigonFlex UC-44,Streetwear,Everyday,XL,yellow,15941.11,14039.33
649,VietMode RP-52,Outdoor,Activewear,S,red,4556.32,3423.17
650,VietMode RP-41,Outdoor,Activewear,M,yellow,1802.12,1575.77
651,HanoiStreet RP-45,Outdoor,Activewear,M,silver,890.45,566.95
652,DragonWear MA-04,Casual,All-weather,S,white,9610.76,5604.03
653,VietMotion MA-09,Casual,All-weather,XL,purple,23.97,14.16
654,VietMode RP-50,Outdoor,Activewear,L,pink,5479.74,5205.75
655,VietMode RS-52,Outdoor,Premium,L,white,26.79,16.63
656,DragonWear UE-04,Streetwear,Performance,S,green,9216.9,7344.95
657,SaigonCore YY-54,GenZ,Trendy,XL,yellow,1885.75,1552.16
658,SaigonFlex UC-26,Streetwear,Everyday,M,black,8951.67,7753.94
659,VietMotion MA-13,Casual,All-weather,XL,yellow,2387.3,2267.93
660,VietMode RP-73,Outdoor,Activewear,M,black,5051.44,4798.87
661,VietMotion MA-04,Casual,All-weather,L,red,46.94,27.68
662,UrbanVN UE-24,Streetwear,Performance,S,white,6479.72,5307.54
663,SaigonFlex UC-40,Streetwear,Everyday,XL,purple,11157.96,10600.06
664,DragonWear RP-12,Outdoor,Activewear,M,silver,3676.28,3492.47
665,UrbanVN UC-14,Streetwear,Everyday,XL,yellow,6564.19,6235.98
666,VietMode MP-05,Casual,Activewear,M,silver,69.38,41.76
667,UrbanVN RP-32,Outdoor,Activewear,M,silver,82.13,50.65
668,PhoenixWear UC-09,Streetwear,Everyday,XL,yellow,9154.69,7143.41
669,SaigonFlex UM-33,Streetwear,Balanced,S,pink,14291.7,13021.17
670,MekongFit MA-11,Casual,All-weather,M,blue,3460.89,3287.85
671,VietMode RP-62,Outdoor,Activewear,L,red,5983.85,3805.73
672,VietMode RP-01,Outdoor,Activewear,M,yellow,3195.99,3036.19
673,UrbanVN UR-07,Streetwear,Standard,S,white,5358.4,3888.59
674,DragonWear UR-32,Streetwear,Standard,M,black,51.19,30.35
675,DragonWear RP-19,Outdoor,Activewear,S,white,3779.37,3590.4
676,SaigonFlex UC-62,Streetwear,Everyday,M,silver,60.9,38.96
677,VietMode RP-59,Outdoor,Activewear,XL,silver,16.26,9.29
678,VietMotion RP-06,Outdoor,Activewear,M,yellow,41.61,24.93
679,SaigonCore YY-04,GenZ,Trendy,M,yellow,2719.39,2583.43
680,VietMode RP-42,Outdoor,Activewear,L,red,1802.12,1309.06
681,HanoiStreet YY-15,GenZ,Trendy,L,white,1038.87,951.4
682,HanoiStreet RS-09,Outdoor,Premium,M,purple,2267.37,1983.27
683,SaigonFlex UC-50,Streetwear,Everyday,M,purple,10129.73,8328.66
684,LotusWear UE-24,Streetwear,Performance,XL,blue,88.7,52.24
685,DragonWear MA-38,Casual,All-weather,L,pink,5355.0,4705.97
686,HanoiStreet RP-18,Outdoor,Activewear,L,red,3782.68,2712.94
687,LotusWear UR-08,Streetwear,Standard,S,green,6434.26,5945.25
688,VietMode RS-20,Outdoor,Premium,L,orange,32.39,18.07
689,VietMotion RP-07,Outdoor,Activewear,L,red,1290.87,908.0
690,HanoiStreet MA-08,Casual,All-weather,M,black,32.86,19.68
691,MekongFit MA-01,Casual,All-weather,XL,blue,4535.04,2953.22
692,SaigonFlex UC-89,Streetwear,Everyday,S,white,45.01,26.88
693,LotusWear RP-04,Outdoor,Activewear,S,green,27.85,17.56
694,SaigonCore UE-22,Streetwear,Performance,XL,silver,9128.7,8672.26
695,MekongFit RP-33,Outdoor,Activewear,XL,silver,3432.87,2542.73
696,SaigonCore UR-11,Streetwear,Standard,M,purple,2235.93,2124.13
697,LotusWear UE-70,Streetwear,Performance,M,yellow,6296.85,5735.17
698,MekongFit UR-17,Streetwear,Standard,S,red,33.25,20.98
699,MekongFit UE-24,Streetwear,Performance,S,pink,5589.41,5309.94
700,VietMode RP-33,Outdoor,Activewear,M,black,4865.72,4089.64
701,VietMode RS-92,Outdoor,Premium,L,white,37.51,23.59
702,LotusWear UE-09,Streetwear,Performance,S,pink,36.71,20.8
703,VietMotion UC-29,Streetwear,Everyday,M,black,7536.5,7159.68
704,DragonWear MA-06,Casual,All-weather,L,green,26.43,16.41
705,SaigonFlex UM-25,Streetwear,Balanced,S,red,14672.77,13939.14
706,MekongStyle UC-10,Streetwear,Everyday,L,pink,32.94,18.18
707,VietMode RP-09,Outdoor,Activewear,M,silver,2317.9,1762.07
708,MekongFit RS-08,Outdoor,Premium,S,red,2225.38,2045.79
709,VietMode MP-04,Casual,Activewear,S,green,5794.74,4156.57
710,HanoiStreet UM-29,Streetwear,Balanced,M,purple,46.64,29.34
711,UrbanVN MA-04,Casual,All-weather,XL,black,28.21,16.14
712,VietMode RP-84,Outdoor,Activewear,S,orange,3652.74,2041.52
713,SaigonCore UR-03,Streetwear,Standard,M,silver,6307.37,3885.97
714,VietMode RP-45,Outdoor,Activewear,M,blue,4981.02,3912.59
715,UrbanVN UC-31,Streetwear,Everyday,S,green,37.99,20.95
716,VietMotion RP-51,Outdoor,Activewear,L,white,715.6,486.68
717,VietMotion RS-11,Outdoor,Premium,L,pink,26.06,15.59
718,VietMode RP-52,Outdoor,Activewear,S,red,5669.05,3895.21
719,HanoiStreet UE-33,Streetwear,Performance,S,white,3853.82,3304.65
720,SaigonFlex UC-49,Streetwear,Everyday,S,white,7436.31,4666.29
721,VietMotion RP-55,Outdoor,Activewear,L,pink,40.93,23.21
722,MekongStyle UC-01,Streetwear,Everyday,M,yellow,14486.85,13762.51
723,LotusWear UE-01,Streetwear,Performance,S,red,34.04,21.34
724,DragonWear UE-03,Streetwear,Performance,XL,purple,7553.7,7176.02
725,DragonWear MA-22,Casual,All-weather,L,orange,6615.0,3489.41
726,BambooCraft UM-08,Streetwear,Balanced,L,red,10134.11,9627.4
727,SaigonFlex UM-02,Streetwear,Balanced,M,silver,17955.92,17058.12
728,HanoiStreet YY-03,GenZ,Trendy,L,orange,3419.93,2547.51
729,HanoiStreet RP-68,Outdoor,Activewear,S,red,3997.02,2058.47
730,HanoiStreet RP-44,Outdoor,Activewear,S,green,23.03,14.12
731,HanoiStreet RP-34,Outdoor,Activewear,L,green,2645.37,2343.8
732,VietMode RP-35,Outdoor,Activewear,XL,blue,1348.78,1048.81
733,SaigonCore UR-10,Streetwear,Standard,S,white,6828.57,5400.03
734,SaigonFlex UC-66,Streetwear,Everyday,M,black,15754.5,14966.77
735,SaigonFlex UC-31,Streetwear,Everyday,L,green,11783.94,9612.16
736,MekongFit UE-13,Streetwear,Performance,M,silver,3193.26,3033.6
737,PhoenixWear UR-19,Streetwear,Standard,XL,blue,5280.82,4593.78
738,UrbanVN RP-14,Outdoor,Activewear,XL,yellow,3527.37,1933.0
739,DragonWear UR-31,Streetwear,Standard,S,red,8757.0,8319.15
740,HanoiStreet RP-05,Outdoor,Activewear,M,silver,2046.87,1742.91
741,SaigonFlex UM-85,Streetwear,Balanced,S,red,45.27,25.32
742,PhoenixWear RP-01,Outdoor,Activewear,S,pink,34.08,22.05
743,VietMotion YY-16,GenZ,Trendy,XL,silver,936.01,826.41
744,MekongStyle UC-11,Streetwear,Everyday,XL,yellow,21.69,12.16
745,VietMode MA-26,Casual,All-weather,L,red,41.08,24.34
746,SaigonCore UR-06,Streetwear,Standard,S,red,8561.7,6144.73
747,VietMode RP-20,Outdoor,Activewear,S,pink,4448.67,3015.75
748,HanoiStreet UE-26,Streetwear,Performance,M,silver,38.27,24.37
749,VietMode RP-03,Outdoor,Activewear,XL,black,4566.24,4337.93
750,VietMode MA-37,Casual,All-weather,M,black,6171.26,4382.21
751,SaigonFlex UC-02,Streetwear,Everyday,M,silver,9523.08,5393.87
752,HanoiStreet UC-41,Streetwear,Everyday,L,pink,9462.73,7198.3
753,VietMotion MA-02,Casual,All-weather,S,pink,24.36,14.96
754,UrbanVN UE-18,Streetwear,Performance,L,pink,3259.52,1700.49
755,VietMode RP-27,Outdoor,Activewear,XL,purple,4912.74,3845.69
756,UrbanVN RP-21,Outdoor,Activewear,L,green,3369.87,2625.47
757,DragonWear UR-11,Streetwear,Standard,S,red,52.16,33.82
758,SaigonFlex UE-03,Streetwear,Performance,XL,purple,6514.16,3614.71
759,NamStyle YY-08,GenZ,Trendy,M,silver,2834.37,2279.68
760,VietMode RP-90,Outdoor,Activewear,L,pink,4178.16,3876.5
761,SaigonFlex UC-51,Streetwear,Everyday,L,green,9634.4,5513.76
762,DragonWear UC-04,Streetwear,Everyday,S,orange,37.55,21.34
763,UrbanVN RP-28,Outdoor,Activewear,M,blue,52.33,33.32
764,HanoiStreet UE-44,Streetwear,Performance,XL,purple,9448.74,7307.66
765,MekongFit RP-34,Outdoor,Activewear,S,pink,3432.87,2650.18
766,BambooCraft UC-13,Streetwear,Everyday,L,white,8725.29,4900.12
767,VietMode RP-98,Outdoor,Activewear,L,green,27.92,15.37
768,BambooCraft UC-12,Streetwear,Everyday,M,blue,8686.74,7189.14
769,SaigonCore UE-05,Streetwear,Performance,L,red,7559.37,4246.1
770,VietMotion UC-05,Streetwear,Everyday,M,silver,37.7,21.52
771,VietMotion YY-06,GenZ,Trendy,M,silver,22.51,12.93
772,MekongFit RP-53,Outdoor,Activewear,XL,silver,1920.87,1824.83
773,VietMode RS-70,Outdoor,Premium,S,orange,5039.37,4028.47
774,HanoiStreet UM-02,Streetwear,Balanced,L,pink,21.58,12.36
775,MekongStyle UC-05,Streetwear,Everyday,M,blue,12136.39,8029.44
776,DragonWear UM-51,Streetwear,Balanced,S,white,59.23,37.58
777,VietMode MA-25,Casual,All-weather,M,yellow,5669.37,5385.9
778,MekongFit RS-04,Outdoor,Premium,S,green,3151.46,1908.21
779,VietMotion YY-13,GenZ,Trendy,S,white,3296.85,2940.13
780,VietMode RP-42,Outdoor,Activewear,L,red,5038.74,2568.25
781,SaigonFlex UC-42,Streetwear,Everyday,M,silver,12288.26,9234.63
782,VietMode RP-78,Outdoor,Activewear,L,green,4156.74,3322.48
783,HanoiStreet UC-28,Streetwear,Everyday,M,purple,6039.66,3816.46
784,HanoiStreet YY-02,GenZ,Trendy,M,black,4904.03,3874.67
785,LotusWear UM-05,Streetwear,Balanced,XL,silver,9546.1,5405.95
786,VietMode RP-14,Outdoor,Activewear,L,orange,6298.74,5983.8
787,HanoiStreet RP-65,Outdoor,Activewear,M,silver,1477.49,1403.61
788,DragonWear MA-35,Casual,All-weather,XL,purple,5669.37,3727.04
789,LotusWear UE-32,Streetwear,Performance,XL,black,7633.68,6058.09
790,DragonWear YY-02,GenZ,Trendy,L,pink,6293.7,3768.04
791,VietMode RP-31,Outdoor,Activewear,XL,yellow,4534.74,4308.0
792,HanoiStreet RS-01,Outdoor,Premium,M,silver,3792.84,3178.4
793,SaigonCore YY-57,GenZ,Trendy,L,orange,2656.23,1842.63
794,UrbanVN UC-26,Streetwear,Everyday,XL,black,2020.0,1168.16
795,NamStyle YY-11,GenZ,Trendy,S,red,1301.64,745.45
796,HanoiStreet UE-17,Streetwear,Performance,S,pink,2601.28,2461.33
797,VietMotion RP-62,Outdoor,Activewear,M,purple,30.53,17.55
798,MekongFit UC-12,Streetwear,Everyday,L,red,7044.87,6692.63
799,VietMotion RP-17,Outdoor,Activewear,S,red,17.27,10.27
800,SaigonFlex UC-20,Streetwear,Everyday,XL,purple,10520.48,9994.46
801,UrbanVN RP-10,Outdoor,Activewear,XL,purple,1609.91,1048.7
802,LotusWear UE-36,Streetwear,Performance,XL,purple,37.36,21.88
803,LotusWear UE-03,Streetwear,Performance,L,orange,11147.85,10315.11
804,VietMode RP-17,Outdoor,Activewear,M,purple,19.77,11.64
805,VietMotion UC-22,Streetwear,Everyday,L,white,7830.72,5726.61
806,PhoenixWear UR-16,Streetwear,Standard,S,red,6611.85,4492.09
807,LotusWear UR-26,Streetwear,Standard,L,white,10076.85,8442.38
808,VietMode RP-27,Outdoor,Activewear,XL,purple,4004.84,3125.38
809,HanoiStreet UR-30,Streetwear,Standard,S,white,39.55,24.5
810,LotusWear UE-12,Streetwear,Performance,XL,black,9887.85,9393.46
811,HanoiStreet UM-14,Streetwear,Balanced,L,red,44.06,27.3
812,SaigonFlex UE-13,Streetwear,Performance,M,purple,6289.68,3754.31
813,SaigonFlex UM-96,Unknown,Balanced,XL,black,11060.08,10507.08
814,HanoiStreet UR-19,Streetwear,Standard,M,blue,47.81,30.93
815,PhoenixWear MA-01,Casual,All-weather,L,orange,6299.37,3167.32
816,MekongFit UE-06,Streetwear,Performance,L,red,5606.37,3703.57
817,VietMotion RP-35,Outdoor,Activewear,L,pink,1546.07,846.47
818,VietMotion UE-01,Streetwear,Performance,XL,silver,7343.28,6976.11
819,SaigonFlex UM-08,Streetwear,Balanced,XL,blue,13752.81,7730.45
820,VietMotion MA-07,Casual,All-weather,M,blue,9177.04,5596.16
821,DragonWear UM-47,Streetwear,Balanced,S,red,37.96,24.56
822,VietMode RS-78,Outdoor,Premium,S,red,4786.74,4547.4
823,VietMode RP-21,Outdoor,Activewear,M,yellow,1652.26,1569.65
824,VietMode RP-18,Outdoor,Activewear,L,green,4781.39,4542.32
825,SaigonFlex UC-33,Streetwear,Everyday,S,pink,16826.67,12741.15
826,SaigonFlex UM-22,Streetwear,Balanced,M,silver,11199.11,8260.46
827,PhoenixWear UE-11,Streetwear,Performance,L,pink,40.66,24.71
828,SaigonFlex UC-00,Streetwear,Everyday,XL,purple,10745.22,9205.43
829,HanoiStreet UE-16,Streetwear,Performance,XL,silver,7343.25,6976.09
830,VietMode RP-16,Outdoor,Activewear,S,white,4011.27,2500.23
831,VietMode RS-13,Outdoor,Premium,XL,purple,3356.79,3188.95
832,BambooCraft UM-01,Streetwear,Balanced,XL,blue,10115.1,6342.17
833,BambooCraft UM-18,Streetwear,Balanced,S,red,11356.87,6008.92
834,VietMotion RP-50,Outdoor,Activewear,M,blue,1621.55,1250.87
835,LotusWear UR-29,Streetwear,Standard,M,silver,7052.85,5494.17
836,HanoiStreet UM-08,Streetwear,Balanced,S,white,5543.37,4445.23
837,UrbanVN RP-29,Outdoor,Activewear,L,white,37.92,22.58
838,LotusWear UE-07,Streetwear,Performance,L,green,5761.35,3392.28
839,SaigonFlex UE-08,Streetwear,Performance,S,red,7367.85,6999.46
840,SaigonFlex UM-79,Streetwear,Balanced,L,white,36.74,21.54
841,VietMode RP-57,Outdoor,Activewear,M,purple,2802.24,1672.1
842,NamStyle YY-35,GenZ,Trendy,S,white,66.83,42.5
843,UrbanVN UR-08,Streetwear,Standard,M,purple,3684.87,2645.37
844,HanoiStreet RP-78,Outdoor,Activewear,L,red,2708.37,1879.34
845,MekongFit UR-11,Streetwear,Standard,L,white,58.94,37.65
846,HanoiStreet UE-20,Streetwear,Performance,XL,black,38.27,23.97
847,BambooCraft UC-15,Streetwear,Everyday,S,green,8833.76,7271.95
848,PhoenixWear UE-18,Streetwear,Performance,M,purple,7994.64,6223.83
849,IndigoViet UM-05,Streetwear,Balanced,XL,blue,12468.7,11003.63
850,VietMode MA-04,Casual,All-weather,S,pink,21.49,13.28
851,HanoiStreet RP-69,Outdoor,Activewear,M,black,1274.58,845.3
852,HanoiStreet RP-02,Outdoor,Activewear,L,white,1952.01,1350.79
853,SaigonCore UC-09,Streetwear,Everyday,XL,blue,5351.85,4369.25
854,SaigonFlex UC-34,Streetwear,Everyday,M,yellow,12601.62,11971.54
855,VietMode RP-82,Outdoor,Activewear,L,red,4912.74,3997.01
856,VietMode RP-61,Outdoor,Activewear,M,yellow,5963.99,4995.44
857,MekongFit UM-19,Streetwear,Balanced,L,orange,8326.33,7398.78
858,VietMode RS-81,Outdoor,Premium,XL,blue,5070.87,4513.07
859,HanoiStreet RP-15,Outdoor,Activewear,XL,silver,818.37,681.13
860,LotusWear UR-01,Streetwear,Standard,M,yellow,6513.15,4765.02
861,VietMotion UR-27,Streetwear,Standard,S,white,23.8,14.73
862,VietMotion UC-14,Streetwear,Everyday,L,green,5124.65,4868.42
863,HanoiStreet YY-22,GenZ,Trendy,M,black,17.93,10.42
864,LotusWear UE-27,Streetwear,Performance,L,green,14648.61,7768.16
865,VietMode RP-72,Outdoor,Activewear,S,red,3967.74,3769.35
866,DragonWear UM-14,Streetwear,Balanced,XL,silver,40.03,25.41
867,UrbanVN RP-31,Outdoor,Activewear,S,green,42.65,25.54
868,HanoiStreet UM-33,Streetwear,Balanced,M,yellow,4137.99,3139.08
869,VietMode MA-41,Casual,All-weather,M,purple,5114.97,3436.75
870,SaigonCore YY-56,GenZ,Trendy,M,black,1259.37,828.16
871,UrbanVN MA-03,Casual,All-weather,L,red,43.64,27.03
872,DragonWear RP-05,Outdoor,Activewear,L,red,52.83,29.25
873,HanoiStreet UR-11,Streetwear,Standard,M,purple,46.82,28.15
874,DragonWear UM-30,Streetwear,Balanced,XL,blue,10425.18,7115.18
875,DragonWear UM-19,Streetwear,Balanced,S,orange,11626.6,9137.35
876,VietMotion RP-63,Outdoor,Activewear,L,green,38.42,23.5
877,UrbanVN UE-01,Streetwear,Performance,M,black,8922.09,8475.98
878,VietMode RP-88,Outdoor,Activewear,S,green,4629.24,2849.3
879,VietMotion RP-56,Outdoor,Activewear,XL,yellow,58.95,35.48
880,HanoiStreet RP-36,Outdoor,Activewear,S,pink,23.44,13.88
881,SaigonFlex UE-10,Streetwear,Performance,L,orange,30.75,17.73
882,DragonWear UM-42,Streetwear,Balanced,XL,purple,10818.75,9215.41
883,VietMotion UM-12,Streetwear,Balanced,M,silver,50.48,31.79
884,HanoiStreet UC-01,Streetwear,Everyday,L,pink,18.82,12.13
885,BambooCraft UM-06,Streetwear,Balanced,S,pink,14247.51,13535.14
886,MekongFit UC-08,Streetwear,Everyday,L,green,6110.37,5286.08
887,VietMotion UM-03,Streetwear,Balanced,S,pink,41.44,24.99
888,VietMode MA-36,Casual,All-weather,S,red,5420.11,3545.29
889,VietMode RS-07,Outdoor,Premium,M,yellow,5039.37,2522.71
890,LotusWear UE-28,Streetwear,Performance,XL,silver,13856.85,8174.16
891,SaigonCore YY-13,GenZ,Trendy,L,pink,2515.81,2390.02
892,UrbanVN UR-02,Streetwear,Standard,XL,yellow,8126.37,5654.33
893,VietMotion UR-02,Streetwear,Standard,XL,yellow,45.85,28.63
894,SaigonCore RP-08,Outdoor,Activewear,XL,yellow,64.75,38.9
895,SaigonCore UR-09,Streetwear,Standard,XL,blue,5743.99,5456.79
896,UrbanVN RP-07,Outdoor,Activewear,S,orange,5291.37,2847.29
897,SaigonFlex UM-92,Streetwear,Balanced,XL,silver,13019.8,11027.77
898,DragonWear UM-01,Streetwear,Balanced,L,white,13273.38,8752.46
899,VietMotion RS-16,Outdoor,Premium,XL,blue,27.66,17.11
900,HanoiStreet RP-14,Outdoor,Activewear,L,green,1341.31,1274.25
901,VietMotion UC-31,Streetwear,Everyday,XL,blue,48.06,30.73
902,SaigonFlex UC-36,Streetwear,Everyday,XL,black,11194.63,7866.46
903,PhoenixWear MA-06,Casual,All-weather,XL,silver,7874.37,5049.05
904,MekongFit UM-13,Streetwear,Balanced,S,green,9134.37,8677.65
905,SaigonFlex UM-77,Streetwear,Balanced,S,orange,11541.58,10964.5
906,VietMode MP-21,Casual,Activewear,M,blue,5353.74,4589.23
907,LotusWear UE-63,Streetwear,Performance,L,orange,8412.98,7352.1
908,SaigonFlex UE-11,Streetwear,Performance,XL,blue,6819.42,6351.61
909,DragonWear UR-14,Streetwear,Standard,XL,blue,5549.75,3170.02
910,SaigonFlex UC-48,Streetwear,Everyday,XL,blue,10477.88,6262.63
911,SaigonFlex UM-55,Streetwear,Balanced,L,red,20605.78,17102.8
912,SaigonFlex UM-29,Streetwear,Balanced,S,white,20475.45,12027.28
913,BambooCraft UC-11,Streetwear,Everyday,S,orange,10488.37,9963.95
914,SaigonFlex UC-22,Streetwear,Everyday,M,silver,11020.21,10469.2
915,VietMode MA-24,Casual,All-weather,S,pink,8377.74,7154.59
916,LotusWear UC-04,Streetwear,Everyday,L,red,16691.85,12462.14
917,UrbanVN UC-25,Streetwear,Everyday,L,red,4301.7,3533.85
918,HanoiStreet UC-16,Streetwear,Everyday,M,blue,30.26,17.46
919,HanoiStreet YY-11,GenZ,Trendy,L,red,31.28,18.74
920,HanoiStreet YY-26,GenZ,Trendy,M,purple,37.82,20.85
921,VietMode MA-34,Casual,All-weather,L,pink,4444.02,3357.46
922,SaigonCore YY-09,GenZ,Trendy,L,white,6265.98,4713.27
923,SaigonFlex UC-68,Streetwear,Everyday,XL,blue,11026.34,8163.9
924,IndigoViet UM-12,Streetwear,Balanced,L,red,15511.57,10377.24
925,MekongStyle UM-02,Streetwear,Balanced,S,pink,13423.98,12210.45
926,VietMode RS-49,Outdoor,Premium,XL,black,22.33,12.39
927,VietMode RP-12,Outdoor,Activewear,S,red,2622.89,2491.75
928,SaigonFlex UC-82,Streetwear,Everyday,M,silver,10151.26,6680.55
929,SaigonFlex UC-41,Streetwear,Everyday,S,green,18775.84,12572.3
930,UrbanVN RP-30,Outdoor,Activewear,XL,purple,28.05,16.87
931,SaigonFlex UM-94,Streetwear,Balanced,M,yellow,10349.29,7115.14
932,PhoenixWear UM-01,Streetwear,Balanced,L,red,10835.37,10293.6
933,VietMotion YY-04,GenZ,Trendy,XL,purple,1987.57,1152.39
934,VietMode RP-53,Outdoor,Activewear,M,black,22.29,14.06
935,VietMode RS-05,Outdoor,Premium,XL,silver,4999.05,4046.23
936,VietMode UR-01,Streetwear,Standard,S,pink,5164.74,2678.95
937,SaigonCore YY-40,GenZ,Trendy,M,purple,1211.15,735.53
938,UrbanVN MA-12,Casual,All-weather,XL,yellow,24.31,14.03
939,VietMotion MA-05,Casual,All-weather,XL,black,35.64,20.58
940,VietMode RS-48,Outdoor,Premium,L,red,48.52,31.23
941,VietMode MA-18,Casual,All-weather,L,orange,34.16,21.75
942,SaigonCore YY-27,GenZ,Trendy,S,orange,4371.09,3285.31
943,HanoiStreet UR-26,Streetwear,Standard,S,red,54.97,32.41
944,SaigonFlex UM-45,Streetwear,Balanced,S,red,19538.72,12420.77
945,LotusWear UE-55,Streetwear,Performance,L,white,25196.85,23937.01
946,UrbanVN UR-39,Streetwear,Standard,S,green,2521.25,2395.19
947,SaigonFlex UC-53,Streetwear,Everyday,S,pink,6694.9,5116.25
948,SaigonFlex UC-45,Streetwear,Everyday,S,red,26.45,16.03
949,LotusWear UE-56,Streetwear,Performance,XL,purple,10391.85,9872.26
950,SaigonFlex UC-46,Streetwear,Everyday,M,black,16696.35,14125.11
951,MekongFit UC-04,Streetwear,Everyday,L,orange,7253.1,6218.08
952,VietMode RP-23,Outdoor,Activewear,XL,black,5140.9,4883.86
953,VietMode RP-09,Outdoor,Activewear,M,silver,3778.74,1940.76
954,SaigonFlex UM-58,Streetwear,Balanced,M,blue,20.24,12.79
955,LotusWear UE-26,Streetwear,Performance,M,purple,18589.78,11094.38
956,MekongStyle UC-12,Streetwear,Everyday,S,red,13324.98,9943.1
957,DragonWear UM-44,Streetwear,Balanced,M,silver,23.9,13.85
958,LotusWear UR-48,Streetwear,Standard,S,green,5749.06,3331.58
959,VietMode RS-89,Outdoor,Premium,XL,black,6002.09,5701.98
960,HanoiStreet RP-59,Outdoor,Activewear,XL,black,2015.37,1914.6
961,VietMotion RP-59,Outdoor,Activewear,L,orange,3918.24,3722.33
962,DragonWear MA-03,Casual,All-weather,XL,blue,10831.38,10289.81
963,HanoiStreet UC-22,Streetwear,Everyday,XL,yellow,10276.12,6593.16
964,MekongFit RP-38,Outdoor,Activewear,S,orange,2116.29,1846.67
965,HanoiStreet UR-08,Streetwear,Standard,L,orange,2246.33,1699.8
966,HanoiStreet UM-25,Streetwear,Balanced,M,black,18.07,10.51
967,VietMode MP-27,Casual,Activewear,XL,yellow,4603.34,2585.24
968,SaigonFlex UM-24,Streetwear,Balanced,XL,yellow,18774.59,12475.71
969,VietMode RP-04,Outdoor,Activewear,S,orange,3054.87,1714.09
970,SaigonCore UR-02,Streetwear,Standard,S,green,5663.7,5380.52
971,PhoenixWear UR-07,Streetwear,Standard,XL,black,5354.37,2739.3
972,LotusWear UR-51,Streetwear,Standard,XL,yellow,8186.85,6045.99
973,VietMode RP-71,Outdoor,Activewear,XL,yellow,4469.57,2982.54
974,PhoenixWear UR-20,Streetwear,Standard,S,white,5279.32,3096.85
975,HanoiStreet RP-62,Outdoor,Activewear,L,white,22.4,14.36
976,VietMotion UR-13,Streetwear,Standard,L,red,23.87,14.64
977,VietMode RS-66,Outdoor,Premium,S,pink,30.31,18.62
978,VietMode RS-46,Outdoor,Premium,S,pink,5496.3,5221.48
979,VietMotion UR-10,Streetwear,Standard,XL,silver,3338.37,1819.41
980,VietMode RS-31,Outdoor,Premium,M,blue,31.96,19.78
981,VietMode RS-44,Outdoor,Premium,L,green,21.68,13.45
982,DragonWear UM-53,Streetwear,Balanced,L,green,29.79,17.33
983,VietMode RP-63,Outdoor,Activewear,XL,black,3202.95,2458.9
984,HanoiStreet RP-03,Outdoor,Activewear,XL,purple,1855.63,1707.74
985,VietMode RS-55,Outdoor,Premium,M,silver,4535.37,3411.96
986,VietMode RP-28,Outdoor,Activewear,S,green,18.15,10.12
987,VietMode RP-51,Outdoor,Activewear,XL,yellow,4629.24,2730.79
988,SaigonFlex UC-15,Streetwear,Everyday,L,red,5184.62,3404.74
989,VietMotion UC-33,Streetwear,Everyday,M,purple,9105.6,6343.87
990,MekongFit RP-29,Outdoor,Activewear,XL,blue,14.65,8.12
991,DragonWear UM-15,Streetwear,Balanced,S,pink,10710.0,5994.39
992,PhoenixWear UR-05,Streetwear,Standard,M,yellow,41.22,26.26
993,VietMode MA-27,Casual,All-weather,XL,black,21.87,12.78
994,HanoiStreet UR-15,Streetwear,Standard,M,yellow,25.5,14.5
995,SaigonFlex UC-14,Streetwear,Everyday,M,yellow,10084.34,9580.13
996,HanoiStreet UE-24,Streetwear,Performance,XL,purple,6677.37,6343.5
997,LotusWear UR-11,Streetwear,Standard,XL,yellow,4799.28,4433.58
998,MekongFit RP-06,Outdoor,Activewear,S,red,1979.36,1361.8
999,SaigonFlex UC-10,Streetwear,Everyday,M,purple,8950.1,8502.59
1000,BambooCraft UM-05,Streetwear,Balanced,XL,silver,11388.25,5870.64
1001,DragonWear UE-02,Streetwear,Performance,L,white,8386.03,7570.07
1002,SaigonFlex UM-46,Streetwear,Balanced,M,black,24.21,14.98
1003,VietMode MA-20,Casual,All-weather,S,white,60.9,38.02
