date,sessions,unique_visitors,page_views,bounce_rate,avg_session_duration_sec,traffic_source
2013-01-02,10456,8151,47611,0.00406,120.5,organic_search
2013-01-08,9456,7459,31482,0.0044,192.4,paid_search
2013-01-12,8730,6136,33336,0.00386,193.3,paid_search
2013-01-16,9373,7503,37034,0.00446,284.4,paid_search
2013-01-20,10270,8030,35184,0.00501,283.9,email_campaign
2013-01-22,10100,7469,39597,0.00504,250.0,email_campaign
2013-01-27,8604,6327,44601,0.00554,222.6,referral
2013-02-01,15758,11220,63433,0.00409,116.7,organic_search
2013-02-03,14372,10507,72606,0.0043,215.7,social_media
2013-02-11,15063,11080,60064,0.00526,223.3,paid_search
2013-02-12,15368,11408,65858,0.00363,162.4,social_media
2013-02-26,15824,11642,60025,0.00333,169.9,social_media
2013-03-01,20573,15216,82066,0.0047,125.7,organic_search
2013-03-22,20729,16912,71130,0.00372,195.9,paid_search
2013-03-26,20555,16341,109308,0.00577,242.7,social_media
2013-03-29,19856,14231,93944,0.00555,218.4,social_media
2013-04-01,24812,17641,117628,0.00551,178.5,social_media
2013-04-05,32435,24802,158360,0.00421,269.6,organic_search
2013-04-17,29585,21004,94904,0.00452,105.9,social_media
2013-04-19,27256,21981,90395,0.00392,109.1,paid_search
2013-04-20,21636,15934,90602,0.00495,204.7,referral
2013-04-22,28085,22427,141532,0.00488,302.2,email_campaign
2013-04-26,25454,18300,131458,0.00556,204.8,social_media
2013-04-28,26593,20990,92764,0.00388,199.8,organic_search
2013-04-29,30100,21412,127202,0.00508,142.8,direct
2013-05-04,26616,18955,87588,0.00566,226.5,organic_search
2013-05-05,26820,19885,116224,0.00383,209.1,email_campaign
2013-05-07,28589,21318,147402,0.00555,197.7,organic_search
2013-05-17,24122,18498,132379,0.00353,308.1,organic_search
2013-05-22,25706,19005,88509,0.00537,198.2,social_media
2013-05-25,26078,21237,92476,0.00385,141.3,paid_search
2013-05-27,25522,20808,123734,0.005,267.2,social_media
2013-06-07,26823,18932,134357,0.00399,224.4,email_campaign
2013-06-13,27752,19777,151236,0.00347,106.4,organic_search
2013-06-17,28092,21312,92163,0.00378,152.1,organic_search
2013-06-21,-100,21451,103139,0.00566,139.1,email_campaign
2013-06-22,26367,21250,113536,0.00407,255.4,paid_search
2013-06-24,26497,21120,97404,0.00364,178.5,paid_search
2013-06-29,28947,21255,158795,0.00327,305.7,organic_search
2013-07-07,19573,15181,74366,0.00554,219.4,paid_search
2013-07-10,22911,17844,91089,0.00504,214.5,organic_search
2013-07-12,21395,17049,79697,0.0046,106.4,referral
2013-07-14,19989,14732,82309,0.00387,208.7,paid_search
2013-07-23,20992,16978,97061,0.00414,201.3,social_media
2013-07-24,23873,18037,83203,0.00565,202.2,email_campaign
2013-07-25,24318,18975,100129,0.00497,186.2,direct
2013-07-27,18198,12889,70117,0.00462,279.9,social_media
2013-08-06,21270,15427,110319,0.00402,315.4,organic_search
2013-08-09,21871,16990,105802,0.00368,317.0,organic_search
2013-08-12,24576,17742,103910,0.00536,219.8,direct
2013-08-16,21594,15178,70937,0.0042,127.9,paid_search
2013-08-22,20674,16052,88395,0.00368,108.9,paid_search
2013-08-24,22020,16468,117994,0.0054,253.3,organic_search
2013-08-25,23027,18302,124556,0.00326,316.9,social_media
2013-08-29,23147,16818,83676,0.00408,183.8,organic_search
2013-09-01,17091,12233,74574,0.00518,106.8,referral
2013-09-04,16020,12505,55806,0.00437,176.3,email_campaign
2013-09-10,17160,14066,72179,0.00438,268.7,referral
2013-09-16,16977,12773,84823,0.00353,102.7,organic_search
2013-09-18,19581,14167,80144,0.00458,158.9,organic_search
2013-09-27,15631,12772,85398,0.00532,292.3,organic_search
2013-09-28,19359,15652,74052,0.00382,154.5,paid_search
2013-10-01,13710,9680,52584,0.00324,209.8,email_campaign
2013-10-03,13080,9748,44993,0.00499,125.5,organic_search
2013-10-14,14459,11334,50446,0.00413,231.0,organic_search
2013-10-21,12745,9506,53990,0.00578,274.1,organic_search
2013-10-22,14589,10511,47642,0.00338,207.1,direct
2013-10-26,12422,8842,45914,0.00452,197.1,organic_search
2013-10-31,15782,12006,85169,0.00421,193.6,referral
2013-11-02,11668,9313,57812,0.00481,183.2,direct
2013-11-04,10715,8320,47693,0.00409,266.8,email_campaign
2013-11-07,9896,7936,41435,0.00372,271.6,direct
2013-11-08,11835,9472,50627,0.00447,235.1,organic_search
2013-11-09,11950,8786,61115,0.00577,316.8,social_media
2013-11-14,10545,7419,41667,0.00497,139.8,email_campaign
2013-11-16,10651,7729,53104,0.00423,159.4,social_media
2013-11-20,11167,9011,38482,0.00329,136.0,social_media
2013-12-03,14986,12043,65628,0.00503,162.8,organic_search
2013-12-05,12296,8669,53642,0.00329,227.5,referral
2013-12-06,12192,9853,54072,0.00459,254.2,paid_search
2013-12-07,12562,8902,51547,0.00444,184.5,paid_search
2013-12-08,13175,9415,45023,0.00462,178.1,organic_search
2013-12-10,14413,10733,46851,0.00408,254.9,social_media
2013-12-13,13337,9763,69039,0.00439,294.0,organic_search
2013-12-18,13825,10901,72395,0.0045,154.0,organic_search
2013-12-20,10678,8634,38513,0.00405,256.3,organic_search
2013-12-21,11879,8813,56301,0.00341,119.1,email_campaign
2013-12-24,12470,9370,54463,0.00563,281.4,social_media
2013-12-25,13141,10384,67446,0.00482,193.3,social_media
2013-12-26,13040,9292,57219,0.00539,314.3,organic_search
2013-12-29,14050,11493,56883,0.00416,174.7,organic_search
2014-01-03,10230,8247,42607,0.00543,249.9,social_media
2014-01-08,11340,9281,41050,0.00362,221.5,social_media
2014-01-11,11306,9172,52326,0.0045,116.2,referral
2014-01-13,11373,8627,58511,0.00345,159.0,direct
2014-01-15,10310,7878,44709,0.00362,123.8,direct
2014-01-16,11632,8624,55483,0.00545,222.1,social_media
2014-01-17,10035,7721,34898,0.00514,163.8,organic_search
2014-01-20,10678,8033,41933,0.00414,149.6,organic_search
2014-01-25,11205,8252,55016,0.00535,291.3,organic_search
2014-02-03,15293,12184,75902,0.0052,219.2,direct
2014-02-05,14372,10247,59542,0.00551,124.6,paid_search
2014-02-09,16200,11546,85048,0.00427,141.2,paid_search
2014-02-14,14509,11532,61350,0.00389,226.3,organic_search
2014-02-20,15337,11846,72379,0.00514,287.0,referral
2014-03-03,22641,15964,108362,0.00522,271.4,organic_search
2014-03-08,20789,15662,93141,0.00366,173.0,email_campaign
2014-03-21,21123,16314,83362,0.00392,188.7,direct
2014-03-23,20889,15510,67631,0.00542,287.5,social_media
2014-03-25,20978,15803,73386,0.00516,114.2,email_campaign
2014-03-30,21014,17170,96869,0.00361,266.0,organic_search
2014-04-04,33564,27006,178036,0.00455,230.0,paid_search
2014-04-05,29571,20726,141514,0.00443,301.8,organic_search
2014-04-06,29897,24048,113402,0.00362,202.1,paid_search
2014-04-07,27724,20365,96746,0.0045,212.3,paid_search
2014-04-09,29270,21990,145987,0.00502,224.1,organic_search
2014-04-10,29376,21760,105496,0.00426,179.3,paid_search
2014-04-13,32172,24250,152724,0.00439,120.4,organic_search
2014-04-18,28486,23229,108624,0.00408,164.3,social_media
2014-04-20,30149,23019,144722,0.00383,249.2,paid_search
2014-04-23,26922,21973,128715,0.00391,154.7,email_campaign
2014-04-27,31694,22215,170628,0.00449,145.2,paid_search
2014-04-30,30939,23211,133474,0.00356,156.9,social_media
2014-05-02,31644,24370,153075,0.00327,123.1,direct
2014-05-08,22054,15883,78562,0.00578,114.3,referral
2014-05-11,29095,21081,94942,0.0055,146.2,referral
2014-05-12,28899,22803,134458,0.00446,215.8,paid_search
2014-05-21,27548,20709,139667,0.00555,246.8,organic_search
2014-05-23,28489,22749,96527,0.00514,252.9,organic_search
2014-05-25,30338,21404,120860,0.00577,167.1,email_campaign
2014-05-26,29609,23230,125918,0.00425,237.2,organic_search
2014-06-09,30401,24133,102124,0.00342,142.4,organic_search
2014-06-10,27671,21455,121832,0.00523,235.3,referral
2014-06-13,30261,22465,108371,0.00471,125.2,email_campaign
2014-06-14,29999,23096,122404,0.00557,214.3,paid_search
2014-06-20,30816,22914,118380,0.00494,299.4,social_media
2014-06-23,28623,21810,155716,0.00577,168.7,paid_search
2014-06-25,30658,24091,153275,0.00421,138.1,email_campaign
2014-06-27,31165,23193,117512,0.00372,115.8,paid_search
2014-06-28,28913,20500,128800,0.00557,254.8,referral
2014-07-03,24291,19783,87191,0.00356,299.1,paid_search
2014-07-07,23149,17267,116966,0.00331,221.1,social_media
2014-07-13,21016,15177,112942,0.0047,151.6,paid_search
2014-07-15,23206,18797,74689,0.00397,160.4,paid_search
2014-07-16,25448,19172,86877,0.00525,245.5,direct
2014-07-17,24173,17451,106949,0.00525,242.9,paid_search
2014-07-21,23563,16839,117759,0.00444,196.9,paid_search
2014-07-22,20852,16050,98954,0.00471,221.2,organic_search
2014-07-23,20563,16788,99371,0.00354,307.5,referral
2014-07-24,20142,15456,101375,0.00439,170.9,email_campaign
2014-07-25,23097,18708,79029,0.00495,205.3,social_media
2014-07-27,21988,16247,95568,0.0057,125.4,paid_search
2014-08-02,24590,19673,104410,0.00389,301.5,organic_search
2014-08-04,25170,19950,101848,0.004,107.4,paid_search
2014-08-05,25018,19903,86055,0.00353,213.4,paid_search
2014-08-07,23454,18090,102654,0.00332,110.3,email_campaign
2014-08-17,27595,19440,123897,0.00559,204.5,referral
2014-08-18,24284,18786,92056,0.00337,305.5,organic_search
2014-08-21,24400,18452,124494,0.00568,150.4,social_media
2014-08-27,24745,19165,121324,0.00429,299.7,organic_search
2014-08-30,24035,19477,110772,0.00341,115.1,paid_search
2014-09-02,17927,14108,89498,0.00343,121.2,social_media
2014-09-06,16392,12341,61013,0.00348,252.6,organic_search
2014-09-08,19692,14268,82611,0.00414,100.4,email_campaign
2014-09-10,17022,12401,68700,0.00529,102.6,paid_search
2014-09-19,17146,12184,80820,0.0058,299.5,organic_search
2014-09-23,16222,11492,84429,0.00346,233.4,social_media
2014-09-28,16535,13449,72467,0.0037,242.5,organic_search
2014-09-29,999999999,14785,75135,0.00411,136.3,referral
2014-09-30,18116,14166,65756,0.0037,240.4,social_media
2014-10-05,15183,11554,55577,0.00421,280.6,social_media
2014-10-12,13762,10895,57265,0.00372,230.1,paid_search
2014-10-13,15576,11706,80230,0.00343,158.6,direct
2014-10-16,16025,12454,81588,0.00383,272.8,social_media
2014-10-17,12793,9282,56849,0.00388,234.7,paid_search
2014-10-28,14021,10144,72386,0.00396,209.1,paid_search
2014-10-31,12268,9791,56527,0.00458,291.0,email_campaign
2014-11-03,9271,7343,50990,0.00336,281.7,organic_search
2014-11-04,12479,9521,50077,0.00322,230.8,organic_search
2014-11-07,10458,7811,57426,0.00483,207.9,social_media
2014-11-10,11746,8557,42791,0.00432,231.7,organic_search
2014-11-12,12915,9215,50492,0.00363,302.8,paid_search
2014-11-13,12214,9340,58391,0.00326,266.7,social_media
2014-11-21,14690,10969,49729,0.00563,133.5,organic_search
2014-11-22,11106,8861,43498,0.004,192.6,organic_search
2014-11-27,11438,8649,52208,0.00434,210.8,social_media
2014-11-30,12733,9914,61026,0.00361,101.6,paid_search
2014-12-04,14206,10153,52846,0.00575,255.7,organic_search
2014-12-06,12995,9605,70307,0.00507,282.3,social_media
2014-12-14,12133,9704,55972,0.00489,263.5,paid_search
2014-12-16,14337,11208,71824,0.00348,121.8,referral
2014-12-20,12762,9406,55784,0.00455,277.7,social_media
2014-12-22,13175,10041,61750,0.00521,258.2,organic_search
2014-12-25,14984,11307,62313,0.00371,220.9,organic_search
2015-01-03,11528,8833,40725,0.00383,249.4,organic_search
2015-01-06,9268,7471,38649,0.0051,318.3,email_campaign
2015-01-07,10147,7857,33888,0.00572,121.9,social_media
2015-01-09,12849,10119,58922,0.00477,190.4,referral
2015-01-10,11873,8645,64601,0.00342,134.3,organic_search
2015-01-16,11982,8884,42069,0.00554,294.7,organic_search
2015-01-17,10268,7696,50373,0.00496,208.1,organic_search
2015-01-18,10164,7618,54711,0.00522,305.3,organic_search
2015-01-21,11368,8795,37330,0.00558,135.7,paid_search
2015-01-22,12159,9424,53924,0.00383,256.3,referral
2015-01-23,13034,10656,62656,0.00508,238.1,organic_search
2015-01-24,12673,9972,52366,0.00449,176.6,organic_search
2015-01-25,10995,8907,48943,0.00551,294.0,organic_search
2015-01-26,12273,9523,52623,0.00366,301.7,referral
2015-01-31,10453,7595,51485,0.00435,123.4,email_campaign
2015-02-04,17552,12726,92236,0.00346,220.5,email_campaign
2015-02-12,16304,13006,62018,0.00398,216.9,referral
2015-02-15,17280,12439,68446,0.00426,274.5,organic_search
2015-02-17,16802,12521,74388,0.00445,139.1,paid_search
2015-02-24,17173,13667,71689,0.00513,142.9,organic_search
2015-02-27,14926,11229,53940,0.00545,166.2,social_media
2015-03-02,22178,17801,84529,0.00567,164.9,referral
2015-03-07,20579,16101,83988,0.00384,143.0,social_media
2015-03-08,23101,16215,83326,0.00425,240.2,organic_search
2015-03-09,23240,17341,117770,0.00544,181.2,referral
2015-03-20,19678,15237,70975,0.00492,309.7,social_media
2015-03-21,26207,20418,100420,0.0037,118.5,social_media
2015-03-30,21988,15721,91135,0.00386,230.9,organic_search
2015-03-31,23712,17041,118451,0.00334,235.6,organic_search
2015-04-01,29410,23296,117637,0.00531,175.1,organic_search
2015-04-02,30456,22808,137521,0.00407,167.6,paid_search
2015-04-05,34818,26213,179530,0.00351,283.5,referral
2015-04-09,33264,25339,131080,0.0033,311.8,email_campaign
2015-04-10,31701,23905,138034,0.00324,250.5,email_campaign
2015-04-11,32699,24505,156139,0.00348,235.7,social_media
2015-04-12,33695,23984,164092,0.00457,188.3,social_media
2015-04-13,32788,25880,169275,0.0042,121.1,referral
2015-04-17,34071,26707,177596,0.00406,140.7,referral
2015-04-20,33331,27313,182278,0.00567,135.3,organic_search
2015-04-23,33494,26912,158159,0.0041,203.7,organic_search
2015-04-28,31168,23641,123478,0.00521,238.8,social_media
2015-04-30,28994,22062,150712,0.00394,267.3,direct
2015-05-02,33476,26822,182726,0.0051,219.9,organic_search
2015-05-08,29160,23034,109154,0.00429,276.5,social_media
2015-05-20,30494,24191,126406,0.00357,298.0,social_media
2015-05-27,26401,20469,119105,0.00574,183.6,organic_search
2015-05-29,34451,27090,172863,0.00381,116.7,referral
2015-05-31,27874,21527,109033,0.00366,233.5,referral
2015-06-04,28794,21415,121730,0.00523,162.3,email_campaign
2015-06-07,32243,25956,145312,0.00547,256.8,social_media
2015-06-12,24605,19576,116966,0.00362,266.6,social_media
2015-06-15,32287,25912,128566,0.0041,238.4,social_media
2015-06-17,35371,28846,155050,0.00422,217.0,social_media
2015-06-25,31624,25240,150529,0.00522,175.0,referral
2015-06-26,30769,22895,140394,0.00476,263.6,organic_search
2015-06-29,34732,24375,156417,0.0044,233.6,social_media
2015-07-01,20602,16457,79358,0.00357,300.4,paid_search
2015-07-05,26737,19679,85774,0.00547,176.4,organic_search
2015-07-14,25268,19699,122868,0.00566,289.2,organic_search
2015-07-16,25987,18625,134344,0.00329,226.6,email_campaign
2015-07-18,22256,17049,73505,0.0036,257.0,social_media
2015-07-25,26582,18972,92409,0.00486,232.8,organic_search
2015-07-28,24684,17484,103037,0.00322,198.9,organic_search
2015-07-29,23935,17376,101797,0.00454,115.3,referral
2015-08-02,25347,18517,89162,0.0034,101.9,direct
2015-08-05,29226,21369,95035,0.00445,299.2,organic_search
2015-08-09,23894,18799,78998,0.00461,173.7,email_campaign
2015-08-14,27482,20412,94726,0.00378,149.4,paid_search
2015-08-22,28267,20186,105913,0.00386,291.8,paid_search
2015-08-23,26494,18687,102152,0.00358,195.3,paid_search
2015-08-25,29244,22860,123604,0.00499,274.9,paid_search
2015-08-29,28818,22955,158022,0.00377,282.4,referral
2015-09-01,17480,13262,57096,0.00368,263.9,social_media
2015-09-02,20702,16666,69558,0.00328,118.3,paid_search
2015-09-05,19156,14479,82375,0.00548,314.9,email_campaign
2015-09-08,19746,13838,93992,0.00498,132.1,organic_search
2015-09-09,18587,13758,87916,0.00414,190.1,direct
2015-09-13,20180,15018,102993,0.00522,180.8,social_media
2015-09-22,19877,16252,63995,0.00436,103.3,email_campaign
2015-09-23,17652,13079,71664,0.00387,318.0,social_media
2015-09-26,21009,17168,108813,0.00407,179.5,paid_search
2015-09-28,18337,14106,67729,0.00556,111.4,referral
2015-09-30,17523,13440,57686,0.00509,284.6,organic_search
2015-10-03,15008,11370,68639,0.00362,168.3,paid_search
2015-10-07,15755,12150,79517,0.00417,126.0,social_media
2015-10-12,13664,10610,66043,0.00366,170.8,direct
2015-10-14,16989,12008,81718,0.00565,204.6,social_media
2015-10-19,14648,10830,77608,0.00512,196.3,social_media
2015-10-24,15087,11501,52076,0.00532,204.3,direct
2015-10-25,17383,13762,79446,0.00531,198.3,paid_search
2015-11-01,12648,10110,61721,0.0043,226.0,organic_search
2015-11-06,14154,11094,47606,0.00363,271.6,paid_search
2015-11-09,14367,11128,65336,0.00464,129.1,direct
2015-11-11,13290,10715,59892,0.00372,267.8,paid_search
2015-11-12,13903,11236,61201,0.00525,265.5,email_campaign
2015-11-17,11316,8912,55403,0.0041,159.0,social_media
2015-11-20,13750,,61102,0.00364,313.1,paid_search
2015-11-21,14699,11383,52048,0.00477,114.2,email_campaign
2015-11-26,12460,9654,42889,0.00506,298.6,organic_search
2015-11-29,14441,11536,75285,0.00434,139.2,organic_search
2015-12-08,15215,11241,69929,0.00354,227.8,organic_search
2015-12-09,16326,12045,69015,0.00545,269.1,paid_search
2015-12-11,15391,11318,67959,0.00357,177.7,organic_search
2015-12-12,15008,11400,58168,0.00565,270.1,social_media
2015-12-17,15145,12005,79733,0.0047,109.1,social_media
2015-12-20,15075,12232,52971,0.00382,136.8,organic_search
2015-12-29,16001,12904,61587,0.00421,125.4,organic_search
2016-01-01,11641,8712,37634,0.00559,267.3,email_campaign
2016-01-03,13218,9831,64885,0.00565,208.5,paid_search
2016-01-07,11373,8618,59432,0.00412,312.2,social_media
2016-01-10,13236,9859,64108,0.00484,105.5,email_campaign
2016-01-15,12653,10155,55447,0.00452,290.1,unknown
2016-01-17,10008,7752,45333,0.00414,250.9,paid_search
2016-01-24,12224,8763,54172,0.00539,283.0,organic_search
2016-01-30,12513,9653,65920,0.00502,134.5,paid_search
2016-02-01,17175,13626,59868,0.00533,148.7,paid_search
2016-02-04,16103,12176,52113,0.00366,107.6,organic_search
2016-02-14,19163,14357,70990,0.0046,161.3,email_campaign
2016-02-23,19443,15525,65423,0.00337,124.0,paid_search
2016-02-24,18131,12967,69981,0.00402,126.9,email_campaign
2016-02-26,18006,13934,57841,0.00469,124.5,organic_search
2016-02-27,15907,11168,82608,0.0043,205.6,email_campaign
2016-02-29,18504,14317,93760,0.0044,292.7,social_media
2016-03-01,26992,21032,117947,0.00482,270.4,paid_search
2016-03-04,26344,19353,103165,0.00447,270.7,referral
2016-03-09,30824,25068,141783,0.00575,279.8,paid_search
2016-03-11,24168,16941,81811,0.00549,162.8,organic_search
2016-03-13,23591,18027,78079,0.00357,237.1,email_campaign
2016-03-15,26245,21094,107523,0.00418,255.1,email_campaign
2016-03-16,24017,19505,100833,0.00475,190.9,email_campaign
2016-03-20,22946,18176,88612,0.00361,118.7,referral
2016-03-22,26309,21458,121633,0.00536,192.7,direct
2016-03-24,27354,21211,133470,0.00414,228.7,referral
2016-03-25,25460,18987,117893,0.00387,194.2,social_media
2016-03-27,27557,22581,93947,0.00335,131.6,organic_search
2016-03-28,22971,18817,123376,0.00333,241.8,paid_search
2016-03-29,24782,19479,88649,0.00353,275.0,paid_search
2016-04-01,35280,26110,148298,0.00392,268.9,organic_search
2016-04-03,39853,32209,171112,0.00504,189.2,paid_search
2016-04-04,31700,22496,119980,0.00468,141.6,organic_search
2016-04-05,33961,24714,144993,0.00473,148.9,referral
2016-04-06,34563,26040,176971,0.00379,288.0,social_media
2016-04-12,37526,28901,149781,0.00539,157.9,organic_search
2016-04-21,33532,25443,151168,0.00393,107.6,referral
2016-04-23,28997,21502,106569,0.00511,264.2,email_campaign
2016-04-24,34414,25043,161566,0.00572,105.1,organic_search
2016-04-25,31532,22488,150805,0.00569,268.7,organic_search
2016-04-27,33081,25297,181029,0.00524,196.6,paid_search
2016-04-28,34354,25822,179278,0.00337,246.1,organic_search
2016-05-01,34863,28526,139903,0.00563,161.1,paid_search
2016-05-06,27614,21353,147246,0.00508,190.0,email_campaign
2016-05-09,28369,21061,128664,0.00412,235.2,organic_search
2016-05-11,29147,20594,106696,0.00349,101.1,email_campaign
2016-05-12,32448,26326,125722,0.00432,316.3,email_campaign
2016-05-16,30307,23701,132156,0.00545,292.6,organic_search
2016-05-21,32181,24897,123544,0.00438,130.4,organic_search
2016-05-22,27855,21321,133211,0.00549,186.6,email_campaign
2016-06-01,30361,23705,131150,0.00322,112.3,social_media
2016-06-04,33568,26608,156310,0.00327,281.6,organic_search
2016-06-08,36825,28833,126407,0.00529,157.7,social_media
2016-06-10,30303,21771,102242,0.00391,140.7,email_campaign
2016-06-12,28697,20793,103189,0.00353,121.1,organic_search
2016-06-13,34063,26928,163122,0.00465,272.3,paid_search
2016-06-18,34886,27062,161199,0.00367,265.2,paid_search
2016-06-19,38767,27509,168541,0.00456,315.5,social_media
2016-06-22,27007,19832,96954,0.00517,280.0,social_media
2016-06-24,38202,29924,190436,0.00485,282.1,social_media
2016-06-25,36799,28971,181381,0.00391,178.7,paid_search
2016-06-30,33061,25436,157305,0.00484,275.1,email_campaign
2016-07-01,27643,19559,99053,0.00395,318.0,social_media
2016-07-10,26627,18741,121806,0.00495,142.3,organic_search
2016-07-11,23750,17184,100402,0.00353,309.5,email_campaign
2016-07-21,26495,20970,114364,0.00387,119.0,social_media
2016-08-02,29110,20880,147042,0.00375,101.8,referral
2016-08-10,33121,27111,133606,0.00492,132.5,referral
2016-08-14,27633,20341,90982,0.00509,156.4,social_media
2016-08-15,31092,23420,110105,0.00515,121.7,organic_search
2016-08-17,,22260,132681,0.00347,314.6,organic_search
2016-08-19,28446,20582,92462,0.00492,218.6,paid_search
2016-08-23,29012,22783,134510,0.00344,298.5,paid_search
2016-08-25,30846,23195,102990,0.00573,296.6,social_media
2016-08-29,27102,21683,109621,0.004,157.4,social_media
2016-09-01,21640,17149,109678,0.00364,204.0,social_media
2016-09-06,17889,12808,78449,0.0039,105.0,organic_search
2016-09-07,23068,16975,76283,0.00485,249.0,social_media
2016-09-08,21760,16332,101591,0.00347,108.0,referral
2016-09-11,20958,16065,108501,0.00368,228.5,organic_search
2016-09-15,21936,17311,112756,0.00552,224.3,referral
2016-09-19,19562,15211,102109,0.00418,146.7,paid_search
2016-09-28,20824,15238,110681,0.00544,163.1,organic_search
2016-10-03,16160,13151,84680,0.00368,255.4,organic_search
2016-10-04,18099,14630,86359,0.00427,270.3,paid_search
2016-10-07,18947,14466,88287,0.00375,130.4,social_media
2016-10-09,13627,9848,63580,0.00504,239.5,paid_search
2016-10-10,17553,12553,69444,0.00421,191.3,social_media
2016-10-11,15134,11420,51660,0.00351,194.3,paid_search
2016-10-12,16384,12184,80295,0.00377,315.8,email_campaign
2016-10-16,16728,12769,77896,0.00462,289.6,email_campaign
2016-10-21,18497,13104,61071,0.00398,135.0,email_campaign
2016-10-22,17596,14020,78544,0.00424,190.1,referral
2016-10-24,16565,12863,81578,0.00426,263.5,referral
2016-10-27,16121,11701,83758,0.00442,220.9,organic_search
2016-10-28,16013,12025,51729,0.00362,191.4,organic_search
2016-10-31,14528,11617,48878,0.00447,200.6,organic_search
2016-11-04,15480,12205,65097,0.00336,152.5,paid_search
2016-11-06,14121,11290,69354,0.00322,101.3,social_media
2016-11-07,14412,10835,58813,0.00325,225.5,direct
2016-11-08,15021,10948,56211,0.00332,142.2,paid_search
2016-11-11,14481,10750,60880,0.00334,318.5,paid_search
2016-11-15,16722,13433,76078,0.00413,178.0,paid_search
2016-11-21,16673,12248,63606,0.00532,175.6,referral
2016-11-27,13309,9682,72788,0.0042,174.3,paid_search
2016-11-28,12901,10483,54139,0.00383,306.6,email_campaign
2016-11-30,14123,10842,56376,0.00495,289.5,organic_search
2016-12-03,16495,12690,63476,0.00478,257.6,organic_search
2016-12-06,16069,11394,53670,0.00344,198.8,email_campaign
2016-12-18,15169,11685,62649,0.00373,222.6,paid_search
2016-12-19,18344,13487,67232,0.00352,236.3,organic_search
2016-12-24,13567,10748,66087,0.0049,307.2,organic_search
2016-12-29,15158,11598,76740,0.00376,108.0,social_media
2017-01-03,11507,8946,55783,0.00542,226.0,organic_search
2017-01-04,10925,8136,50441,0.00384,228.1,email_campaign
2017-01-05,12054,9143,55335,0.00487,158.4,email_campaign
2017-01-09,11802,8776,58449,0.00466,197.2,organic_search
2017-01-11,13414,9660,52857,0.00537,297.6,email_campaign
2017-01-12,12525,9985,45854,0.00521,287.0,email_campaign
2017-01-15,12653,9484,44274,0.00529,311.3,social_media
2017-01-29,13325,10241,65733,0.0034,296.0,referral
2017-02-05,19918,14950,64989,0.00524,157.2,referral
2017-02-08,18913,13297,101831,0.00382,123.6,organic_search
2017-02-17,19370,14607,104239,0.00552,210.6,paid_search
2017-02-18,16868,13003,64837,0.00401,275.6,organic_search
2017-02-23,19901,15174,92090,0.00563,109.5,paid_search
2017-02-26,19969,14510,94524,0.0044,220.0,social_media
2017-03-10,25479,20206,107208,0.00343,121.4,paid_search
2017-03-16,23997,18520,93928,0.00322,291.2,social_media
2017-03-19,30770,24465,120261,0.00578,293.9,organic_search
2017-03-24,29258,21262,108868,0.00379,185.0,direct
2017-03-27,28655,22329,106341,0.00349,146.1,referral
2017-03-28,27352,19599,104654,0.00538,216.2,email_campaign
2017-04-01,38431,28563,187339,0.00481,266.5,paid_search
2017-04-04,33989,27225,155858,0.0039,175.9,paid_search
2017-04-09,34091,24873,185984,0.00379,247.1,social_media
2017-04-10,33877,24739,131585,0.0058,202.9,email_campaign
2017-04-17,28523,22616,137529,0.00333,239.8,organic_search
2017-04-18,32079,24550,106023,0.00323,112.9,organic_search
2017-04-23,34949,27137,154407,0.0035,185.7,organic_search
2017-04-24,39024,29763,128812,0.00528,122.4,social_media
2017-04-26,37962,27673,208232,0.00388,280.4,referral
2017-04-29,34984,26887,117941,0.00339,313.7,social_media
2017-04-30,33629,23674,152003,0.0039,113.5,email_campaign
2017-05-05,34742,26251,146458,0.00377,254.8,social_media
2017-05-15,30119,22719,105449,0.00395,104.1,email_campaign
2017-05-22,30096,23024,119937,0.00501,254.2,social_media
2017-05-31,33594,25749,174323,0.00519,102.6,social_media
2017-06-02,34130,26604,146895,0.00339,212.5,social_media
2017-06-04,35649,26916,179071,0.00382,260.0,paid_search
2017-06-10,33686,24717,143139,0.0038,305.6,organic_search
2017-06-11,35853,25199,143300,0.00399,180.7,email_campaign
2017-06-18,32370,23780,143718,0.00394,253.9,paid_search
2017-06-21,35493,27221,143116,0.00353,204.6,paid_search
2017-06-23,33715,24358,120962,0.00321,102.8,referral
2017-06-25,36412,28892,119913,0.00551,317.2,paid_search
2017-06-27,35040,27683,132527,0.00577,233.5,social_media
2017-06-29,37150,27468,120218,0.00421,124.4,organic_search
2017-07-06,25118,18918,82615,0.0057,312.3,organic_search
2017-07-11,26995,20036,108610,0.00546,260.5,email_campaign
2017-07-13,27766,21735,135675,0.00339,100.2,direct
2017-07-15,28075,20085,111258,0.00333,234.6,paid_search
2017-07-17,25338,19798,118388,0.00494,118.4,social_media
2017-07-19,29232,23099,131517,0.00432,309.9,email_campaign
2017-07-23,25790,18090,117908,0.00561,213.1,email_campaign
2017-07-25,30138,21262,110196,0.00477,280.9,social_media
2017-07-26,29732,22503,146625,0.00403,289.5,direct
2017-07-29,,18977,137669,0.00502,108.7,paid_search
2017-08-08,30612,21678,109280,0.00374,309.4,organic_search
2017-08-11,30520,21870,130101,0.00446,264.1,organic_search
2017-08-12,31638,24053,168384,0.00465,198.6,organic_search
2017-08-15,35864,25366,115515,0.00534,219.2,organic_search
2017-08-18,30910,21663,162728,0.00545,104.9,organic_search
2017-08-24,31644,25469,118814,0.00424,114.5,organic_search
2017-08-25,33330,24632,156353,0.00353,166.7,social_media
2017-08-29,32051,23655,174402,0.00478,267.7,organic_search
2017-09-04,22223,17808,119084,0.00525,134.6,referral
2017-09-05,22874,17929,110468,0.00348,181.6,organic_search
2017-09-07,24979,18665,82315,0.00575,212.2,organic_search
2017-09-12,22613,15960,108189,0.00361,171.2,referral
2017-09-13,23911,16994,111917,0.00321,145.2,organic_search
2017-09-15,18682,14184,86802,0.00554,236.3,organic_search
2017-09-16,23441,17775,78852,0.00466,191.4,social_media
2017-09-17,21658,16922,102167,0.00578,138.3,paid_search
2017-09-18,26686,20277,86684,0.0033,231.8,social_media
2017-09-22,22964,18801,98691,0.00435,131.3,paid_search
2017-09-23,20569,16593,70094,0.00424,198.6,paid_search
2017-09-28,21195,16470,108775,0.00484,244.4,referral
2017-09-30,22021,16969,95903,0.00344,111.8,paid_search
2017-10-04,17386,13879,59820,0.00513,127.7,referral
2017-10-05,17122,12358,80059,0.00543,246.5,referral
2017-10-07,19468,13738,96644,0.00383,137.9,organic_search
2017-10-08,16925,13107,66952,0.00416,114.9,organic_search
2017-10-11,17697,14266,67961,0.00426,291.3,paid_search
2017-10-12,17354,13593,92248,0.00401,151.3,email_campaign
2017-10-20,17968,14229,95705,0.00424,134.0,organic_search
2017-10-21,18349,14662,66645,0.00549,197.8,organic_search
2017-10-23,16768,12376,70432,0.00494,101.3,organic_search
2017-10-26,19358,14916,98511,0.00367,161.3,paid_search
2017-10-28,18092,13116,88459,0.00565,280.4,organic_search
2017-11-05,13852,11242,56895,0.00507,109.8,organic_search
2017-11-06,14695,10725,75189,0.00513,120.7,social_media
2017-11-08,15737,12892,70203,0.00373,178.2,referral
2017-11-17,15449,10944,60520,0.00578,261.8,organic_search
2017-11-18,13233,9863,59263,0.00566,178.4,social_media
2017-11-26,15331,11878,56009,0.00497,140.4,social_media
2017-11-29,14488,11480,59571,0.00528,269.2,social_media
2017-12-03,16466,11801,81064,0.00566,104.3,social_media
2017-12-15,16696,12618,88119,0.00359,256.2,organic_search
2017-12-16,15380,12573,76990,0.0042,247.9,email_campaign
2017-12-19,19770,14315,68091,0.00413,310.4,organic_search
2017-12-20,15328,12099,75750,0.00552,285.6,social_media
2017-12-23,16850,12718,87565,0.00361,113.8,referral
2018-01-05,13547,9619,73673,0.00531,164.9,organic_search
2018-01-10,14394,10246,55185,0.00453,202.3,social_media
2018-01-11,13327,10140,46271,0.00545,149.6,direct
2018-01-13,11440,8719,61413,0.00551,272.6,paid_search
2018-01-19,14149,10956,56631,0.00352,112.1,direct
2018-01-20,13626,10427,68278,0.0037,294.9,social_media
2018-01-22,13976,10323,74019,0.00381,168.6,direct
2018-01-23,14031,10228,45833,0.00359,284.0,social_media
2018-01-25,12850,9395,65032,0.00325,190.2,paid_search
2018-01-28,14338,10498,54629,0.00428,114.3,paid_search
2018-01-31,13111,10727,55626,0.00382,240.7,organic_search
2018-02-01,18158,13551,99763,0.00325,239.1,referral
2018-02-03,17142,12608,84791,0.00332,276.7,paid_search
2018-02-07,22384,17511,84703,0.00466,118.5,organic_search
2018-02-17,19469,14949,76665,0.00442,105.0,organic_search
2018-02-26,17681,14289,93780,0.00511,143.3,email_campaign
2018-02-27,21338,17159,70800,0.00501,301.0,organic_search
2018-02-28,23064,18450,121432,0.00462,189.7,organic_search
2018-03-05,26618,20081,104341,0.00465,195.2,organic_search
2018-03-09,29115,20468,127999,0.00463,229.0,referral
2018-03-10,25362,19672,85753,0.00394,311.6,organic_search
2018-03-22,28583,20430,141889,0.0047,196.4,referral
2018-03-24,26212,21135,127578,0.00508,184.9,social_media
2018-03-25,23343,18573,126488,0.00395,116.0,paid_search
2018-03-26,25091,18621,119391,0.00428,205.3,direct
2018-03-31,28256,19940,102427,0.00383,160.0,organic_search
2018-04-04,34281,25289,151738,0.00515,303.6,organic_search
2018-04-09,38879,29987,153130,0.00405,107.5,social_media
2018-04-18,39902,31111,194491,0.00575,118.2,social_media
2018-04-19,40961,33526,201133,0.00574,259.9,referral
2018-04-21,34335,24248,136326,0.00525,278.5,paid_search
2018-04-26,34008,25877,186139,0.0043,171.4,paid_search
2018-05-03,32729,24929,163856,0.00524,128.8,referral
2018-05-06,41927,31062,200310,0.00376,200.2,referral
2018-05-17,36783,30142,138732,0.00458,295.8,paid_search
2018-05-20,34373,26804,112561,0.00405,108.9,email_campaign
2018-05-21,34907,28015,113096,0.00537,107.3,social_media
2018-05-23,29420,21478,150125,0.00549,144.6,paid_search
2018-05-25,37954,29878,178017,0.0048,269.4,social_media
2018-05-26,38529,27569,177123,0.00426,259.0,social_media
2018-05-27,34124,25951,126584,0.00543,319.7,organic_search
2018-06-01,47179,37945,239522,0.0032,201.2,organic_search
2018-06-03,36288,28957,120447,0.00464,280.3,referral
2018-06-04,34071,24605,187212,0.0057,290.4,referral
2018-06-17,33962,26621,114192,0.00572,202.2,paid_search
2018-06-19,37705,28117,162384,0.00402,208.6,referral
2018-06-22,36318,26821,177512,0.00408,206.2,organic_search
2018-06-24,38453,28066,202524,0.00394,129.4,paid_search
2018-07-03,28774,21475,109317,0.00363,161.3,social_media
2018-07-06,29007,21919,141788,0.00466,187.6,organic_search
2018-07-11,28821,23357,125619,0.00405,297.7,social_media
2018-07-16,25962,20845,116096,0.00323,190.7,organic_search
2018-07-27,28280,20923,151389,0.00559,153.0,paid_search
2018-08-01,34337,26084,135710,0.00479,204.2,organic_search
2018-08-05,32477,26417,177486,0.00379,278.5,organic_search
2018-08-10,33078,25094,169398,0.00469,255.2,paid_search
2018-08-17,31433,23332,161030,0.00496,226.4,social_media
2018-08-27,34463,25911,179758,0.0032,189.9,paid_search
2018-09-06,23575,17588,98789,0.0047,175.0,paid_search
2018-09-07,24675,18579,111428,0.00538,318.4,social_media
2018-09-10,23077,16331,84070,0.00467,315.6,referral
2018-09-11,22565,16306,114735,0.00572,100.7,email_campaign
2018-09-17,22065,16173,117402,0.00557,191.4,social_media
2018-09-19,25224,19107,122166,0.00499,155.2,organic_search
2018-09-21,26491,19068,135595,0.0042,265.6,social_media
2018-09-27,22241,17169,112579,0.00439,153.6,paid_search
2018-10-02,20271,15969,70112,0.00454,243.0,social_media
2018-10-03,19658,15280,105418,0.00385,282.1,paid_search
2018-10-04,18539,14197,96559,0.0041,301.5,paid_search
2018-10-08,19068,13677,65463,0.00561,170.3,social_media
2018-10-21,16474,13416,72338,0.00505,168.9,organic_search
2018-10-28,18790,14337,74564,0.00374,265.4,organic_search
2018-10-29,16800,12522,83164,0.00475,118.8,referral
2018-11-01,15431,12049,57107,0.0042,230.1,organic_search
2018-11-02,13047,9573,43887,0.00564,127.6,email_campaign
2018-11-05,13853,9904,50174,0.00508,160.2,paid_search
2018-11-07,16607,12795,90142,0.00418,105.6,social_media
2018-11-09,14879,12155,53499,0.00527,155.6,direct
2018-11-11,18244,14668,98163,0.00532,291.4,email_campaign
2018-11-14,16436,12825,87206,0.00487,198.1,social_media
2018-11-16,15836,11472,82918,0.00438,235.5,email_campaign
2018-11-20,17846,14400,87533,0.0045,182.0,email_campaign
2018-11-26,15157,11521,51414,0.00441,229.9,paid_search
2018-11-27,15933,11620,54362,0.00523,255.0,social_media
2018-12-08,19012,14291,82685,0.00474,171.6,organic_search
2018-12-24,18196,14167,81305,0.00328,221.9,organic_search
2019-01-01,13010,10036,51325,0.00495,219.9,paid_search
2019-01-04,15690,11339,79556,0.00549,210.1,paid_search
2019-01-07,15866,12380,77357,0.00362,241.1,direct
2019-01-08,15100,11084,66828,0.00569,118.8,paid_search
2019-01-12,14383,11480,57737,0.00466,170.6,email_campaign
2019-01-15,13831,10313,63195,0.0057,181.0,paid_search
2019-01-17,14437,11002,52900,0.00432,100.9,social_media
2019-01-25,12789,9244,55846,0.00431,307.5,organic_search
2019-01-27,12775,10329,44948,0.00478,292.4,paid_search
2019-01-29,14448,11220,68530,0.00336,169.9,organic_search
2019-02-01,21456,16332,74218,0.00425,284.6,organic_search
2019-02-06,17637,13730,89322,0.0042,123.9,referral
2019-02-13,22905,16771,80895,0.00493,251.0,paid_search
2019-02-15,26260,19148,97929,0.00568,116.5,paid_search
2019-02-19,21342,16787,100305,0.00499,286.3,paid_search
2019-02-20,20880,16896,110379,0.00338,284.5,paid_search
2019-02-22,22545,16491,102964,0.0054,213.9,paid_search
2019-02-26,20019,14720,95647,0.00463,274.2,organic_search
2019-03-03,29633,23779,153733,0.00432,167.6,referral
2019-03-05,30840,24990,162661,0.00573,225.1,email_campaign
2019-03-14,30018,23278,124240,0.00399,232.6,organic_search
2019-03-24,28415,23292,140934,0.00365,273.6,paid_search
2019-03-27,29291,22963,143666,0.00376,268.8,email_campaign
2019-03-31,29648,21628,136636,0.00542,169.2,referral
2019-04-01,44576,34666,212249,0.00561,299.7,social_media
2019-04-12,40148,28212,213820,0.00478,229.2,email_campaign
2019-04-13,44228,31397,187646,0.00322,197.8,organic_search
2019-04-16,41567,33382,161203,0.00578,160.7,paid_search
2019-04-17,43808,31816,223025,0.00533,312.6,social_media
2019-04-21,38052,27648,145134,0.00353,161.2,organic_search
2019-04-24,43102,30805,204218,0.00533,109.8,email_campaign
2019-04-29,38891,28675,130645,0.00342,121.1,paid_search
2019-05-03,33869,24127,159855,0.00568,229.6,social_media
2019-05-05,43470,31878,145614,0.00369,128.4,paid_search
2019-05-07,38311,27298,156221,0.00422,144.3,email_campaign
2019-05-09,31426,25738,101030,0.00338,167.1,paid_search
2019-05-11,42448,32625,208628,0.00409,309.2,organic_search
2019-05-12,33210,25645,133895,0.0052,294.7,email_campaign
2019-05-17,37582,29636,185076,0.00544,306.9,organic_search
2019-05-20,33598,24840,175466,0.00475,185.5,paid_search
2019-05-28,37280,27314,163509,0.00372,212.8,direct
2019-06-02,36512,28207,156568,0.0044,233.9,email_campaign
2019-06-04,40229,32190,185194,0.00521,130.0,organic_search
2019-06-07,37857,27285,143379,0.00376,219.3,organic_search
2019-06-09,36665,26939,146871,0.00484,246.3,organic_search
2019-06-12,39967,28872,162871,0.0035,163.6,organic_search
2019-06-16,38327,30471,137920,0.00531,206.7,referral
2019-06-20,40522,30027,211063,0.00454,288.1,email_campaign
2019-06-21,40287,30805,164957,0.00341,196.7,social_media
2019-06-24,42129,32514,163901,0.00478,180.4,organic_search
2019-06-25,37671,27919,129819,0.00503,253.6,social_media
2019-07-03,30229,24504,151719,0.00504,159.1,organic_search
2019-07-06,30267,24108,98786,0.0049,198.2,email_campaign
2019-07-07,26042,18496,95916,0.004,284.6,email_campaign
2019-07-11,36925,28683,119806,0.00547,278.9,referral
2019-07-12,31992,23290,134627,0.00555,130.9,organic_search
2019-07-17,27662,22207,118197,0.00453,200.0,organic_search
2019-07-24,34123,25043,132316,0.00564,172.2,paid_search
2019-07-27,25171,20184,93475,0.00482,315.1,paid_search
2019-07-29,29279,21774,139901,0.00432,237.0,paid_search
2019-08-02,36313,26157,152843,0.00495,136.5,organic_search
2019-08-12,34577,26641,160627,0.00447,155.7,direct
2019-08-16,37711,26507,123132,0.00405,245.5,paid_search
2019-08-18,32176,23289,152259,0.00347,151.5,social_media
2019-08-21,32523,24417,117226,0.00459,204.2,email_campaign
2019-08-26,33250,25753,150733,0.0038,134.7,paid_search
2019-09-01,26185,18902,87206,0.0038,295.5,organic_search
2019-09-03,25072,17728,119670,0.00543,177.2,email_campaign
2019-09-04,25524,18515,100727,0.00346,270.1,email_campaign
2019-09-06,26547,20170,89760,0.00577,187.6,paid_search
2019-09-07,23733,16764,98671,0.00363,139.7,referral
2019-09-09,24789,19384,116234,0.00542,271.7,social_media
2019-09-10,22230,17279,115152,0.00479,297.0,paid_search
2019-09-15,25814,19980,100825,0.00414,115.6,paid_search
2019-09-17,24520,18925,93825,0.0037,131.4,organic_search
2019-09-26,24782,20223,113023,0.0043,107.0,organic_search
2019-09-27,24131,18595,129342,0.0052,308.8,referral
2019-09-29,22213,16984,98269,0.00526,233.5,social_media
2019-10-04,20576,16713,81640,0.00335,227.1,referral
2019-10-05,18690,13716,68234,0.00341,122.0,email_campaign
2019-10-13,18905,14766,75139,0.00432,208.8,social_media
2019-10-14,19857,15369,108752,0.00565,233.8,paid_search
2019-10-15,20545,15329,80622,0.00321,177.1,paid_search
2019-10-18,19452,14179,93419,0.00389,317.4,social_media
2019-10-23,21124,15901,77921,0.00533,148.2,organic_search
2019-10-24,20281,16545,105059,0.00539,228.9,email_campaign
2019-10-27,19575,13980,72485,0.00441,209.3,direct
2019-10-28,20661,15063,76738,0.00564,131.9,email_campaign
2019-10-29,21438,15871,83688,0.00407,272.7,direct
2019-11-01,16216,12680,70987,0.00529,157.5,organic_search
2019-11-03,16872,12686,57144,0.00561,191.2,organic_search
2019-11-05,18603,13193,87384,0.00356,106.2,paid_search
2019-11-07,17897,13725,62005,0.00564,247.4,organic_search
2019-11-08,15016,11357,81893,0.0034,287.6,social_media
2019-11-20,18980,13952,102357,0.00408,143.1,referral
2019-11-21,15257,12502,55603,0.00518,147.9,direct
2019-11-26,16661,12533,78488,0.00459,225.3,organic_search
2019-12-01,19995,16006,99403,0.00416,206.4,organic_search
2019-12-08,17943,13548,58328,0.00458,275.4,email_campaign
2019-12-11,17449,14297,63628,0.00337,300.3,paid_search
2019-12-16,20895,15311,91106,0.00565,219.3,organic_search
2019-12-19,19761,14933,97788,0.00496,302.1,paid_search
2019-12-25,18623,13537,68299,0.00545,311.1,paid_search
2019-12-28,20807,16864,71257,0.00506,113.9,paid_search
2020-01-01,14183,10830,59821,0.0049,262.0,organic_search
2020-01-03,14810,10936,74913,0.00564,147.4,organic_search
2020-01-19,16878,13764,60169,0.00389,297.2,referral
2020-01-23,13978,10732,60429,0.00445,146.8,organic_search
2020-01-24,13647,11168,70273,0.00432,225.5,organic_search
2020-01-26,16293,12595,71297,0.00414,296.9,referral
2020-01-27,15354,12334,70501,0.00517,195.5,paid_search
2020-02-02,20865,14896,68465,0.00572,106.7,paid_search
2020-02-15,23915,18996,123972,0.00335,177.7,email_campaign
2020-02-16,23340,16388,118409,0.00555,204.3,direct
2020-02-18,23688,19373,121108,0.00558,202.3,paid_search
2020-02-20,22647,16715,120782,0.00445,316.8,social_media
2020-02-26,22835,18087,77810,0.00496,285.3,social_media
2020-02-28,20116,15109,93423,0.00541,197.2,direct
2020-03-01,36014,29488,146247,0.00375,132.7,email_campaign
2020-03-04,30135,23498,131222,0.00349,229.6,organic_search
2020-03-08,35044,24718,166817,0.00561,183.1,paid_search
2020-03-17,27849,19600,141749,0.00535,210.9,organic_search
2020-03-25,30774,23044,99989,0.00419,165.9,email_campaign
2020-03-26,32870,23721,177471,0.00399,271.3,paid_search
2020-03-31,28802,21651,93574,0.00534,166.1,organic_search
2020-04-07,40824,30012,205218,0.00348,161.2,referral
2020-04-18,48136,34468,216916,0.00376,129.1,direct
2020-04-20,46424,35176,187668,0.00564,245.8,referral
2020-04-23,44106,34167,170615,0.00544,157.7,direct
2020-04-24,37916,27243,145799,0.00365,107.6,referral
2020-04-25,45937,32490,245372,0.00576,137.1,referral
2020-04-26,38854,30987,129370,0.00427,144.5,referral
2020-04-27,48189,38503,216284,0.00445,281.2,organic_search
2020-05-05,46233,36589,201181,0.00392,129.7,social_media
2020-05-10,34872,25181,142645,0.00332,239.2,paid_search
2020-05-13,42210,32669,194109,0.00331,213.7,organic_search
2020-05-15,40677,32433,199382,0.00547,105.8,paid_search
2020-05-16,41763,33618,147559,0.00398,110.5,social_media
2020-05-21,37203,26829,195525,0.0033,195.7,paid_search
2020-05-22,45512,34966,170596,0.00535,196.7,paid_search
2020-05-23,43072,32884,203926,0.00343,169.8,unknown
2020-05-30,40115,28229,185694,0.0056,303.8,email_campaign
2020-06-01,43625,34300,175784,0.00338,282.6,social_media
2020-06-02,38550,27223,207470,0.00435,281.9,direct
2020-06-06,37001,28500,129323,0.00404,306.3,email_campaign
2020-06-09,42655,31413,156535,0.00369,154.7,email_campaign
2020-06-11,42916,33063,167050,0.00432,137.9,referral
2020-06-13,40898,29407,172585,0.00391,203.8,organic_search
2020-06-16,35345,28859,181042,0.00441,162.5,organic_search
2020-06-21,44397,31865,205562,0.00406,142.0,social_media
2020-07-02,27460,21481,146044,0.00574,269.2,email_campaign
2020-07-04,36231,25655,167563,0.00358,262.5,email_campaign
2020-07-11,32050,26172,133615,0.00506,132.5,organic_search
2020-07-12,27495,20220,150199,0.00339,160.2,direct
2020-07-14,32527,23555,137331,0.00323,240.8,paid_search
2020-07-19,34393,26947,145541,0.00441,180.0,social_media
2020-07-21,35054,27530,126216,0.00451,203.5,organic_search
2020-07-25,31945,23339,162927,0.00578,213.3,direct
2020-07-26,34829,25520,177075,0.00422,318.3,referral
2020-08-06,35171,25902,161966,0.00395,244.1,organic_search
2020-08-07,41155,32438,133104,0.00493,302.0,organic_search
2020-08-12,39180,28426,215466,0.00467,125.5,organic_search
2020-08-13,40215,29520,205003,0.00577,279.0,organic_search
2020-08-17,34854,28022,118396,0.00533,125.2,organic_search
2020-08-21,33606,25978,109747,0.00563,279.8,social_media
2020-08-24,33539,26264,119660,0.00515,126.0,email_campaign
2020-08-27,38266,28828,200768,0.00446,246.8,organic_search
2020-08-30,36313,27199,161767,0.00433,233.7,referral
2020-08-31,30899,23108,120249,0.00424,280.9,paid_search
2020-09-06,27527,21630,108802,0.00365,208.6,email_campaign
2020-09-10,24599,17738,105977,0.00474,124.4,social_media
2020-09-11,25825,19056,95585,0.00394,218.6,email_campaign
2020-09-14,28528,21280,108347,0.00389,148.8,email_campaign
2020-09-19,23948,17545,83188,0.00416,181.4,organic_search
2020-09-21,29246,22025,136066,0.00353,242.2,paid_search
2020-09-23,28929,21337,145147,0.00541,308.1,organic_search
2020-09-27,29837,23097,142121,0.00533,315.7,organic_search
2020-10-01,21266,16930,76549,0.0054,227.6,email_campaign
2020-10-17,21266,15812,71380,0.00514,149.1,paid_search
2020-10-19,19438,15597,66703,0.00516,152.5,organic_search
2020-10-20,19028,15363,64480,0.00571,285.2,paid_search
2020-10-22,19036,14034,92719,0.00461,145.3,email_campaign
2020-10-26,21875,17852,75409,0.00374,251.9,social_media
2020-10-30,22356,17201,94204,0.00408,182.9,email_campaign
2020-11-01,18245,12972,61204,0.00405,261.0,paid_search
2020-11-07,17082,12711,79468,0.00569,233.5,referral
2020-11-08,18445,13486,81091,0.00527,190.7,paid_search
2020-11-15,14260,10406,61122,0.00412,188.5,organic_search
2020-11-17,16039,12068,67477,0.00563,128.4,organic_search
2020-11-21,17079,12036,83706,0.00347,295.2,social_media
2020-11-22,16764,12087,75792,0.00542,254.4,paid_search
2020-11-24,18796,13402,84515,0.00393,141.6,paid_search
2020-12-01,19647,14036,101454,0.00425,101.6,organic_search
2020-12-07,17942,14544,75482,0.00385,124.6,social_media
2020-12-18,20218,14273,75635,0.00519,307.7,organic_search
2020-12-19,20038,15556,91258,0.00409,259.5,paid_search
2020-12-21,18862,15018,79432,0.0046,168.1,referral
2020-12-23,19179,14954,95061,0.00569,292.5,email_campaign
2020-12-25,19207,14605,70159,0.00343,250.6,paid_search
2020-12-27,22306,16526,92481,0.00346,281.6,organic_search
2020-12-31,17767,13361,93445,0.00519,109.3,email_campaign
2021-01-11,16493,11978,55382,0.00448,314.0,email_campaign
2021-01-12,15881,11461,69707,0.00466,319.8,paid_search
2021-01-16,15667,11566,78596,0.00529,286.5,direct
2021-01-25,17059,12064,85576,0.00542,317.7,organic_search
2021-01-30,16213,12103,85859,0.00557,251.5,paid_search
2021-02-01,24811,19041,121401,0.00348,190.4,social_media
2021-02-17,27259,21684,107385,0.00556,115.0,social_media
2021-03-03,37125,27617,174633,0.00415,299.1,organic_search
2021-03-04,34850,24960,180481,0.00534,218.7,organic_search
2021-03-07,36948,28600,157069,0.00565,225.9,social_media
2021-03-08,35780,27855,140464,0.00349,178.3,referral
2021-03-13,31175,24629,112065,0.00406,307.3,direct
2021-03-18,35408,28839,182242,0.00579,124.5,organic_search
2021-03-21,34445,26647,124002,0.00406,269.6,social_media
2021-03-22,33491,26683,121744,0.00439,103.1,direct
2021-03-30,27851,21589,134872,0.00472,193.7,organic_search
2021-04-02,44123,31584,214010,0.00524,161.5,direct
2021-04-03,41643,30558,161901,0.00477,166.6,organic_search
2021-04-05,47943,35534,209958,0.00383,290.8,paid_search
2021-04-07,42648,32357,157589,0.00389,167.3,organic_search
2021-04-11,43154,32111,138797,0.00477,123.6,organic_search
2021-04-12,47621,35359,182817,0.00406,136.3,paid_search
2021-04-13,43787,33075,237704,0.00397,108.1,email_campaign
2021-04-15,46066,36105,162617,0.00469,310.4,organic_search
2021-04-17,47170,34731,171205,0.00534,115.7,paid_search
2021-04-18,42920,32739,155375,0.00324,144.0,paid_search
2021-04-20,42582,31626,150485,0.0038,111.5,organic_search
2021-04-24,45034,36788,211215,0.00511,115.6,referral
2021-05-08,42180,30797,202495,0.00353,127.5,organic_search
2021-05-16,46038,32930,178309,0.00408,182.2,direct
2021-05-17,40445,29227,133550,0.00383,152.7,social_media
2021-05-18,40506,32133,144075,0.00576,222.9,organic_search
2021-05-19,40499,31915,191765,0.00425,142.8,organic_search
2021-05-21,40494,30867,207787,0.00544,279.2,email_campaign
2021-05-27,35745,28000,177423,0.00476,133.8,organic_search
2021-06-02,42831,31013,182212,0.00467,265.3,social_media
2021-06-03,48600,38637,184769,0.00478,317.2,organic_search
2021-06-05,46818,37746,238843,0.00404,162.2,email_campaign
2021-06-06,40909,32161,150967,0.00449,169.9,social_media
2021-06-08,45781,37084,219913,0.0048,130.8,organic_search
2021-06-12,44378,35506,154157,0.00537,193.4,paid_search
2021-06-15,44310,31547,210222,0.00492,195.6,social_media
2021-06-19,43105,35045,148637,0.00338,136.3,organic_search
2021-06-22,44414,35172,231173,0.00469,138.0,social_media
2021-06-24,46126,36500,189683,0.00479,146.7,referral
2021-06-27,49137,39354,260766,0.00541,308.4,social_media
2021-06-28,46294,35882,202773,0.00329,285.4,direct
2021-07-01,37571,29901,180410,0.00362,141.3,email_campaign
2021-07-06,31012,23158,156722,0.00358,154.2,organic_search
2021-07-10,31779,22917,150809,0.00565,120.0,referral
2021-07-14,38621,27441,155193,0.00534,304.3,organic_search
2021-07-15,34804,27447,145288,0.00401,304.9,organic_search
2021-07-22,32412,25523,158492,0.00341,131.8,organic_search
2021-07-23,32445,26329,134930,0.00425,202.6,social_media
2021-07-26,33451,23825,147504,0.00354,148.6,paid_search
2021-07-27,33644,23932,164830,0.00456,191.4,organic_search
2021-07-28,34683,25833,113756,0.00361,264.4,social_media
2021-08-01,37105,27725,195190,0.0039,187.9,paid_search
2021-08-05,37593,29342,166972,0.00505,278.1,paid_search
2021-08-06,41901,33170,150778,0.00563,245.9,direct
2021-08-09,39113,27660,163795,0.00488,116.1,paid_search
2021-08-11,30995,24667,159578,0.00536,156.9,direct
2021-08-12,38269,29771,208637,0.00442,210.7,paid_search
2021-08-13,37306,29688,123156,0.00537,316.2,organic_search
2021-08-16,42739,32073,186199,0.00569,263.5,organic_search
2021-08-17,35832,25317,135797,0.00361,205.1,organic_search
2021-08-18,33929,26293,149882,0.00376,162.6,paid_search
2021-08-19,34659,26539,156110,0.00488,240.4,referral
2021-08-20,36779,28824,123466,0.00367,297.9,paid_search
2021-08-21,35239,27158,150437,0.00374,288.1,social_media
2021-08-25,42700,33671,212858,0.00335,130.8,organic_search
2021-08-26,44382,33320,172425,0.00358,212.0,referral
2021-09-03,26551,19907,108115,0.00405,176.7,social_media
2021-09-09,25832,18779,102486,0.00325,100.5,organic_search
2021-09-10,24570,18030,128972,0.00556,272.2,social_media
2021-09-16,24544,20042,109761,0.00538,250.7,paid_search
2021-09-17,27224,19381,129910,0.00478,221.8,organic_search
2021-09-21,28567,20425,111680,0.00534,279.9,referral
2021-09-22,23720,19155,125345,0.00395,108.6,direct
2021-09-23,28950,21182,140514,0.00327,249.3,referral
2021-09-26,26085,20400,95877,0.00494,318.7,organic_search
2021-09-27,27562,22060,142951,0.0045,118.0,paid_search
2021-10-01,24386,17960,123393,0.0043,294.8,social_media
2021-10-07,24821,18161,83730,0.00387,193.1,social_media
2021-10-08,19762,13894,102451,0.00362,127.6,organic_search
2021-10-13,19477,15122,105026,0.00424,214.4,direct
2021-10-17,20591,15415,74234,0.00368,201.4,organic_search
2021-10-18,21604,16693,98358,0.0045,253.1,referral
2021-10-22,24218,19711,114397,0.00431,204.0,paid_search
2021-10-31,19649,15891,86079,0.00425,215.9,social_media
2021-11-01,20235,14266,81756,0.00525,197.9,organic_search
2021-11-02,17580,13040,95858,0.00509,250.8,referral
2021-11-05,20400,15416,95780,0.00459,217.1,social_media
2021-11-07,18751,13247,74916,0.00471,241.0,social_media
2021-11-21,19555,14372,70710,0.00453,186.5,paid_search
2021-11-22,20461,16499,82338,0.00355,163.2,email_campaign
2021-11-28,19450,15869,85349,0.00494,310.0,organic_search
2021-11-30,15377,11989,55274,0.00477,221.3,referral
2021-12-02,17604,12796,62792,0.0042,160.4,email_campaign
2021-12-04,21716,16391,95580,0.00573,113.2,paid_search
2021-12-05,18397,14224,70529,0.00471,251.3,email_campaign
2021-12-06,20668,15918,67398,0.00472,150.0,organic_search
2021-12-09,20773,16717,100580,0.00439,300.4,paid_search
2021-12-11,17639,12442,89865,0.00404,105.4,paid_search
2021-12-17,19112,13571,77118,0.00432,148.1,paid_search
2021-12-18,18789,15217,75059,0.00385,230.4,organic_search
2021-12-20,21881,15629,75775,0.00385,236.7,email_campaign
2022-01-07,16784,12436,86241,0.00406,186.3,direct
2022-01-10,13466,10626,73474,0.00465,237.5,organic_search
2022-01-13,17441,13941,74021,0.00551,316.7,organic_search
2022-01-24,16327,12551,58647,0.00522,237.6,referral
2022-01-30,14890,11490,58640,0.00349,116.9,organic_search
2022-02-02,27306,21266,126792,0.0035,162.0,organic_search
2022-02-06,23675,18804,80717,0.00409,193.8,direct
2022-02-10,23043,16686,100004,0.00454,216.1,organic_search
2022-02-12,24012,19085,104955,0.00475,128.7,referral
2022-02-13,23278,16982,88382,0.00427,153.9,organic_search
2022-02-18,21990,15713,88203,0.00475,241.4,paid_search
2022-02-20,21183,16425,109932,0.00374,173.2,organic_search
2022-02-22,21137,16301,109650,0.00362,185.5,paid_search
2022-02-24,27069,19148,131958,0.00379,157.7,direct
2022-02-25,22660,18520,110666,0.00501,170.3,social_media
2022-03-01,35076,24922,188403,0.00451,128.5,paid_search
2022-03-04,29143,20720,149452,0.00442,279.9,email_campaign
2022-03-05,33090,26348,124117,0.00354,266.0,paid_search
2022-03-16,32576,26436,158677,0.00342,171.0,organic_search
2022-03-23,35235,27474,187204,0.00541,174.4,paid_search
2022-03-31,39105,28896,147447,0.00409,111.7,paid_search
2022-04-01,42144,30733,195904,0.00469,228.2,organic_search
2022-04-08,46962,33939,177371,0.0055,103.2,paid_search
2022-04-15,44514,34678,218562,0.00457,203.9,organic_search
2022-04-16,39654,29009,205953,0.00525,186.2,social_media
2022-04-18,44198,31257,158705,0.00524,219.7,social_media
2022-04-24,50247,38699,164392,0.00485,125.8,paid_search
2022-04-29,38774,30376,149304,0.00405,143.7,email_campaign
2022-05-02,43201,31271,152718,0.00529,110.5,paid_search
2022-05-03,43413,33025,178141,0.00351,125.9,organic_search
2022-05-19,50386,38175,275560,0.00407,288.5,organic_search
2022-05-24,41157,31416,155103,0.00336,294.0,organic_search
2022-05-26,44370,32896,225409,0.00417,211.5,organic_search
2022-05-27,37986,27205,169620,0.00529,172.7,organic_search
2022-06-02,38883,28520,165887,0.0036,136.6,organic_search
2022-06-03,47464,35006,215933,0.00426,188.3,email_campaign
2022-06-04,42514,30168,160294,0.00513,115.0,social_media
2022-06-05,47723,37307,253750,0.00398,206.4,organic_search
2022-06-30,43026,32328,194772,0.00422,301.0,paid_search
2022-07-04,31174,24165,110469,0.00381,218.3,organic_search
2022-07-07,35410,25983,147788,0.00404,260.6,email_campaign
2022-07-13,40352,30225,200261,0.00505,242.4,organic_search
2022-07-14,33730,26590,136867,0.00535,200.5,paid_search
2022-07-16,36700,29083,182157,0.00578,298.3,organic_search
2022-07-23,37128,28407,172419,0.0049,290.9,referral
2022-07-25,32502,23998,126179,0.00519,141.1,direct
2022-07-29,29929,22065,126776,0.00514,297.4,paid_search
2022-08-01,39152,28060,179948,0.00458,254.0,social_media
2022-08-05,39534,30810,190411,0.00492,295.6,social_media
2022-08-08,37273,30036,179334,0.00465,185.7,paid_search
2022-08-11,39582,27936,160850,0.00547,212.8,organic_search
2022-08-16,34912,26494,184855,0.00467,241.9,social_media
2022-08-19,41063,31131,138743,0.00472,275.3,organic_search
2022-08-26,38935,29454,168649,0.00493,260.2,organic_search
2022-08-27,36063,25453,181340,0.00491,244.5,paid_search
2022-09-02,26168,21157,89557,0.0033,178.2,paid_search
2022-09-08,25002,18438,137423,0.00388,146.1,organic_search
2022-09-09,26537,21323,122541,0.00483,108.9,organic_search
2022-09-12,27314,21746,108646,0.00328,251.4,direct
2022-09-25,26953,19520,113157,0.00541,245.6,paid_search
2022-09-30,26964,19431,145584,0.00339,305.0,email_campaign
2022-10-07,20341,15198,108359,0.00542,277.7,direct
2022-10-08,24311,19360,90149,0.00395,153.3,organic_search
2022-10-12,15278,12043,64352,0.0052,220.3,email_campaign
2022-10-13,21504,15909,88710,0.00322,162.6,paid_search
2022-10-14,18534,14990,78741,0.00447,210.2,paid_search
2022-10-17,23281,18812,75013,0.00497,202.4,social_media
2022-10-18,20030,14036,71188,0.00395,162.3,organic_search
2022-10-20,25130,18775,97221,0.00579,195.9,social_media
2022-10-22,22443,16339,94221,0.00398,114.1,paid_search
2022-10-27,21533,16570,81302,0.00348,207.3,social_media
2022-10-29,20080,14795,89735,0.00457,258.0,email_campaign
2022-10-31,21079,14809,78371,0.00549,262.3,organic_search
2022-11-01,18752,13778,88117,0.00356,309.0,paid_search
2022-11-09,14299,-50,78119,0.00423,314.2,email_campaign
2022-11-10,17937,13772,92814,0.00496,277.7,organic_search
2022-11-12,19558,13749,79761,0.00558,219.3,paid_search
2022-11-14,16503,12338,77142,0.00529,155.3,direct
2022-11-17,17628,12749,72696,0.00463,224.8,paid_search
2022-11-22,19652,15391,73281,0.00411,120.5,organic_search
2022-11-27,17259,13973,64284,0.00526,187.4,email_campaign
2022-11-29,18099,12899,87262,0.00426,181.8,direct
2022-12-03,21813,17728,70937,0.00389,124.3,email_campaign
2022-12-08,22392,16875,111333,0.00476,210.5,organic_search
2022-12-15,20742,14911,103929,0.00346,154.9,organic_search
2022-12-18,22512,17217,76624,0.00521,233.8,email_campaign
2022-12-21,19702,15507,100991,0.0047,230.8,direct
2022-12-22,20194,16347,67520,0.00328,137.2,organic_search
2022-12-26,21676,17160,79557,0.00471,174.5,paid_search
2022-12-29,20884,14640,82155,0.00522,165.6,direct
2026-99-99,38996,31829,154237,0.00419,185.4,organic_search
,16845,12989,54823,0.00338,269.9,email_campaign
