product_id,product_name,category,segment
1,DragonWear MA-01,Casual,All-weather
3,DragonWear MA-03,Casual,All-weather
4,DragonWear MA-04,Casual,All-weather
5,DragonWear MA-05,Casual,All-weather
7,DragonWear MA-07,Casual,All-weather
8,DragonWear MA-08,Casual,All-weather
9,DragonWear MA-09,Casual,All-weather
10,DragonWear MA-10,Casual,All-weather
11,DragonWear MA-11,Casual,All-weather
12,DragonWear MA-12,Casual,All-weather
13,DragonWear MA-13,Casual,All-weather
14,DragonWear MA-14,Casual,All-weather
15,DragonWear MA-15,Casual,All-weather
17,DragonWear MA-17,Casual,All-weather
18,DragonWear MA-18,Casual,All-weather
19,DragonWear MA-19,Casual,All-weather
20,DragonWear MA-20,Casual,All-weather
21,DragonWear MA-21,Casual,All-weather
22,DragonWear MA-22,Casual,All-weather
23,DragonWear MA-23,Casual,All-weather
26,DragonWear MA-26,Casual,All-weather
27,DragonWear MA-27,Casual,All-weather
28,DragonWear MA-28,Casual,All-weather
29,DragonWear MA-29,Casual,All-weather
30,DragonWear MA-30,Casual,All-weather
31,DragonWear MA-31,Casual,All-weather
35,DragonWear MA-35,Casual,All-weather
36,DragonWear MA-36,Casual,All-weather
37,DragonWear MA-37,Casual,All-weather
38,DragonWear MA-38,Casual,All-weather
40,DragonWear MA-40,Casual,All-weather
42,DragonWear MA-42,Casual,All-weather
43,DragonWear MA-43,Casual,All-weather
45,DragonWear MA-45,Casual,All-weather
48,DragonWear RP-03,Outdoor,Activewear
49,DragonWear RP-04,Outdoor,Activewear
52,DragonWear RP-07,Outdoor,Activewear
53,DragonWear RP-08,Outdoor,Activewear
54,DragonWear RP-09,Outdoor,Activewear
55,DragonWear RP-10,Outdoor,Activewear
56,DragonWear RP-11,Outdoor,Activewear
57,DragonWear RP-12,Outdoor,Activewear
58,DragonWear RP-13,Outdoor,Activewear
59,DragonWear RP-14,Outdoor,Activewear
60,DragonWear RP-15,Outdoor,Activewear
61,DragonWear RP-16,Outdoor,Activewear
62,DragonWear RP-17,Outdoor,Activewear
63,DragonWear RP-18,Outdoor,Activewear
64,DragonWear RP-19,Outdoor,Activewear
65,DragonWear RP-20,Outdoor,Activewear
66,DragonWear RP-21,Outdoor,Activewear
67,DragonWear RP-22,Outdoor,Activewear
70,DragonWear RS-03,Outdoor,Premium
71,DragonWear RS-04,Outdoor,Premium
73,DragonWear RS-06,Outdoor,Premium
74,DragonWear UM-01,Streetwear,Balanced
76,DragonWear UM-03,Streetwear,Balanced
86,DragonWear UM-13,Streetwear,Balanced
88,DragonWear UM-15,Streetwear,Balanced
89,DragonWear UM-16,Streetwear,Balanced
92,DragonWear UM-19,Streetwear,Balanced
93,DragonWear UM-20,Streetwear,Balanced
94,DragonWear UM-21,Streetwear,Balanced
99,DragonWear UM-26,Streetwear,Balanced
100,DragonWear UM-27,Streetwear,Balanced
103,DragonWear UM-30,Streetwear,Balanced
106,DragonWear UM-33,Streetwear,Balanced
107,DragonWear UM-34,Streetwear,Balanced
108,DragonWear UM-35,Streetwear,Balanced
109,DragonWear UM-36,Streetwear,Balanced
111,DragonWear UM-38,Streetwear,Balanced
114,DragonWear UM-41,Streetwear,Balanced
115,DragonWear UM-42,Streetwear,Balanced
125,DragonWear UM-52,Streetwear,Balanced
133,DragonWear UR-04,Streetwear,Standard
136,DragonWear UR-07,Streetwear,Standard
141,DragonWear UR-12,Streetwear,Standard
143,DragonWear UR-14,Streetwear,Standard
144,DragonWear UR-15,Streetwear,Standard
150,DragonWear UR-21,Streetwear,Standard
155,DragonWear UR-26,Streetwear,Standard
160,DragonWear UR-31,Streetwear,Standard
163,DragonWear UR-34,Streetwear,Standard
164,DragonWear UR-35,Streetwear,Standard
165,DragonWear UR-36,Streetwear,Standard
170,DragonWear UR-41,Streetwear,Standard
173,DragonWear UE-01,Streetwear,Performance
174,DragonWear UE-02,Streetwear,Performance
175,DragonWear UE-03,Streetwear,Performance
176,DragonWear UE-04,Streetwear,Performance
177,DragonWear UE-05,Streetwear,Performance
178,DragonWear UE-06,Streetwear,Performance
180,DragonWear UE-08,Streetwear,Performance
181,DragonWear UE-09,Streetwear,Performance
182,DragonWear UE-10,Streetwear,Performance
183,DragonWear UE-11,Streetwear,Performance
185,DragonWear UE-13,Streetwear,Performance
187,DragonWear UE-15,Streetwear,Performance
188,DragonWear UE-16,Streetwear,Performance
189,DragonWear UC-01,Streetwear,Everyday
190,DragonWear UC-02,Streetwear,Everyday
191,DragonWear UC-03,Streetwear,Everyday
193,DragonWear UC-05,Streetwear,Everyday
195,DragonWear UC-07,Streetwear,Everyday
196,DragonWear UC-08,Streetwear,Everyday
197,DragonWear YY-01,GenZ,Trendy
198,DragonWear YY-02,GenZ,Trendy
200,IndigoViet UM-02,Streetwear,Balanced
201,IndigoViet UM-03,Streetwear,Balanced
202,IndigoViet UM-04,Streetwear,Balanced
204,IndigoViet UM-06,Streetwear,Balanced
205,IndigoViet UM-07,Streetwear,Balanced
206,IndigoViet UM-08,Streetwear,Balanced
207,IndigoViet UM-09,Streetwear,Balanced
210,IndigoViet UM-12,Streetwear,Balanced
223,LotusWear UM-01,Streetwear,Balanced
224,LotusWear UM-02,Streetwear,Balanced
225,LotusWear UM-03,Streetwear,Balanced
226,LotusWear UM-04,Streetwear,Balanced
227,LotusWear UM-05,Streetwear,Balanced
228,LotusWear UM-06,Streetwear,Balanced
229,LotusWear UR-01,Streetwear,Standard
230,LotusWear UR-02,Streetwear,Standard
231,LotusWear UR-03,Streetwear,Standard
233,LotusWear UR-05,Streetwear,Standard
234,LotusWear UR-06,Streetwear,Standard
235,LotusWear UR-07,Streetwear,Standard
236,LotusWear UR-08,Streetwear,Standard
237,LotusWear UR-09,Streetwear,Standard
238,LotusWear UR-10,Streetwear,Standard
239,LotusWear UR-11,Streetwear,Standard
240,LotusWear UR-12,Streetwear,Standard
241,LotusWear UR-13,Streetwear,Standard
242,LotusWear UR-14,Streetwear,Standard
243,LotusWear UR-15,Streetwear,Standard
244,LotusWear UR-16,Streetwear,Standard
246,LotusWear UR-18,Streetwear,Standard
247,LotusWear UR-19,Streetwear,Standard
248,LotusWear UR-20,Streetwear,Standard
249,LotusWear UR-21,Streetwear,Standard
250,LotusWear UR-22,Streetwear,Standard
251,LotusWear UR-23,Streetwear,Standard
252,LotusWear UR-24,Streetwear,Standard
253,LotusWear UR-25,Streetwear,Standard
256,LotusWear UR-28,Streetwear,Standard
257,LotusWear UR-29,Streetwear,Standard
258,LotusWear UR-30,Streetwear,Standard
259,LotusWear UR-31,Streetwear,Standard
260,LotusWear UR-32,Streetwear,Standard
261,LotusWear UR-33,Streetwear,Standard
262,LotusWear UR-34,Streetwear,Standard
264,LotusWear UR-36,Streetwear,Standard
267,LotusWear UR-39,Streetwear,Standard
269,LotusWear UR-41,Streetwear,Standard
270,LotusWear UR-42,Streetwear,Standard
271,LotusWear UR-43,Streetwear,Standard
272,LotusWear UR-44,Streetwear,Standard
273,LotusWear UR-45,Streetwear,Standard
274,LotusWear UR-46,Streetwear,Standard
275,LotusWear UR-47,Streetwear,Standard
276,LotusWear UR-48,Streetwear,Standard
277,LotusWear UR-49,Streetwear,Standard
278,LotusWear UR-50,Streetwear,Standard
279,LotusWear UR-51,Streetwear,Standard
280,LotusWear UE-01,Streetwear,Performance
281,LotusWear UE-02,Streetwear,Performance
282,LotusWear UE-03,Streetwear,Performance
289,LotusWear UE-10,Streetwear,Performance
291,LotusWear UE-12,Streetwear,Performance
292,LotusWear UE-13,Streetwear,Performance
294,LotusWear UE-15,Streetwear,Performance
295,LotusWear UE-16,Streetwear,Performance
296,LotusWear UE-17,Streetwear,Performance
297,LotusWear UE-18,Streetwear,Performance
299,LotusWear UE-20,Streetwear,Performance
300,LotusWear UE-21,Streetwear,Performance
304,LotusWear UE-25,Streetwear,Performance
305,LotusWear UE-26,Streetwear,Performance
306,LotusWear UE-27,Streetwear,Performance
307,LotusWear UE-28,Streetwear,Performance
308,LotusWear UE-29,Streetwear,Performance
310,LotusWear UE-31,Streetwear,Performance
311,LotusWear UE-32,Streetwear,Performance
312,LotusWear UE-33,Streetwear,Performance
313,LotusWear UE-34,Streetwear,Performance
318,LotusWear UE-39,Streetwear,Performance
319,LotusWear UE-40,Streetwear,Performance
321,LotusWear UE-42,Streetwear,Performance
322,LotusWear UE-43,Streetwear,Performance
323,LotusWear UE-44,Streetwear,Performance
324,LotusWear UE-45,Streetwear,Performance
325,LotusWear UE-46,Streetwear,Performance
326,LotusWear UE-47,Streetwear,Performance
327,LotusWear UE-48,Streetwear,Performance
330,LotusWear UE-51,Streetwear,Performance
331,LotusWear UE-52,Streetwear,Performance
332,LotusWear UE-53,Streetwear,Performance
333,LotusWear UE-54,Streetwear,Performance
334,LotusWear UE-55,Streetwear,Performance
335,LotusWear UE-56,Streetwear,Performance
336,LotusWear UE-57,Streetwear,Performance
338,LotusWear UE-59,Streetwear,Performance
339,LotusWear UE-60,Streetwear,Performance
341,LotusWear UE-62,Streetwear,Performance
342,LotusWear UE-63,Streetwear,Performance
346,LotusWear UE-67,Streetwear,Performance
347,LotusWear UE-68,Streetwear,Performance
348,LotusWear UE-69,Streetwear,Performance
349,LotusWear UE-70,Streetwear,Performance
350,LotusWear UE-71,Streetwear,Performance
351,LotusWear UE-72,Streetwear,Performance
352,LotusWear UE-73,Streetwear,Performance
353,LotusWear UE-74,Streetwear,Performance
355,LotusWear UE-76,Streetwear,Performance
356,LotusWear UE-77,Streetwear,Performance
359,LotusWear UE-80,Streetwear,Performance
360,LotusWear UE-81,Streetwear,Performance
361,LotusWear UE-82,Streetwear,Performance
362,LotusWear UE-83,Streetwear,Performance
364,LotusWear UE-85,Streetwear,Performance
366,LotusWear UE-87,Streetwear,Performance
369,LotusWear UE-90,Streetwear,Performance
370,LotusWear UE-91,Streetwear,Performance
371,LotusWear UE-92,Streetwear,Performance
372,LotusWear UE-93,Streetwear,Performance
373,LotusWear UE-94,Streetwear,Performance
375,LotusWear UE-96,Streetwear,Performance
379,LotusWear UE-00,Streetwear,Performance
382,LotusWear UE-03,Streetwear,Performance
383,LotusWear UE-04,Streetwear,Performance
384,LotusWear UE-05,Streetwear,Performance
385,LotusWear UE-06,Streetwear,Performance
386,LotusWear UE-07,Streetwear,Performance
387,LotusWear UC-01,Streetwear,Everyday
388,LotusWear UC-02,Streetwear,Everyday
389,LotusWear UC-03,Streetwear,Everyday
390,LotusWear UC-04,Streetwear,Everyday
392,SaigonFlex RP-01,Outdoor,Activewear
393,SaigonFlex RP-02,Outdoor,Activewear
394,SaigonFlex RS-01,Outdoor,Premium
395,SaigonFlex RS-02,Outdoor,Premium
396,SaigonFlex UM-01,Streetwear,Balanced
398,SaigonFlex UM-03,Streetwear,Balanced
400,SaigonFlex UM-05,Streetwear,Balanced
401,SaigonFlex UM-06,Streetwear,Balanced
402,SaigonFlex UM-07,Streetwear,Balanced
403,SaigonFlex UM-08,Streetwear,Balanced
404,SaigonFlex UM-09,Streetwear,Balanced
405,SaigonFlex UM-10,Streetwear,Balanced
406,SaigonFlex UM-11,Streetwear,Balanced
407,SaigonFlex UM-12,Streetwear,Balanced
408,SaigonFlex UM-13,Streetwear,Balanced
409,SaigonFlex UM-14,Streetwear,Balanced
410,SaigonFlex UM-15,Streetwear,Balanced
412,SaigonFlex UM-17,Streetwear,Balanced
413,SaigonFlex UM-18,Streetwear,Balanced
414,SaigonFlex UM-19,Streetwear,Balanced
415,SaigonFlex UM-20,Streetwear,Balanced
416,SaigonFlex UM-21,Streetwear,Balanced
417,SaigonFlex UM-22,Streetwear,Balanced
418,SaigonFlex UM-23,Streetwear,Balanced
419,SaigonFlex UM-24,Streetwear,Balanced
420,SaigonFlex UM-25,Streetwear,Balanced
421,SaigonFlex UM-26,Streetwear,Balanced
422,SaigonFlex UM-27,Streetwear,Balanced
423,SaigonFlex UM-28,Streetwear,Balanced
424,SaigonFlex UM-29,Streetwear,Balanced
425,SaigonFlex UM-30,Streetwear,Balanced
426,SaigonFlex UM-31,Streetwear,Balanced
427,SaigonFlex UM-32,Streetwear,Balanced
428,SaigonFlex UM-33,Streetwear,Balanced
429,SaigonFlex UM-34,Streetwear,Balanced
430,SaigonFlex UM-35,Streetwear,Balanced
431,SaigonFlex UM-36,Streetwear,Balanced
432,SaigonFlex UM-37,Streetwear,Balanced
433,SaigonFlex UM-38,Streetwear,Balanced
435,SaigonFlex UM-40,Streetwear,Balanced
436,SaigonFlex UM-41,Streetwear,Balanced
437,SaigonFlex UM-42,Streetwear,Balanced
438,SaigonFlex UM-43,Streetwear,Balanced
440,SaigonFlex UM-45,Streetwear,Balanced
442,SaigonFlex UM-47,Streetwear,Balanced
443,SaigonFlex UM-48,Streetwear,Balanced
444,SaigonFlex UM-49,Streetwear,Balanced
445,SaigonFlex UM-50,Streetwear,Balanced
447,SaigonFlex UM-52,Streetwear,Balanced
449,SaigonFlex UM-54,Streetwear,Balanced
450,SaigonFlex UM-55,Streetwear,Balanced
451,SaigonFlex UM-56,Streetwear,Balanced
452,SaigonFlex UM-57,Streetwear,Balanced
455,SaigonFlex UM-60,Streetwear,Balanced
456,SaigonFlex UM-61,Streetwear,Balanced
457,SaigonFlex UM-62,Streetwear,Balanced
458,SaigonFlex UM-63,Streetwear,Balanced
459,SaigonFlex UM-64,Streetwear,Balanced
460,SaigonFlex UM-65,Streetwear,Balanced
461,SaigonFlex UM-66,Streetwear,Balanced
462,SaigonFlex UM-67,Streetwear,Balanced
464,SaigonFlex UM-69,Streetwear,Balanced
466,SaigonFlex UM-71,Streetwear,Balanced
467,SaigonFlex UM-72,Streetwear,Balanced
470,SaigonFlex UM-75,Streetwear,Balanced
471,SaigonFlex UM-76,Streetwear,Balanced
472,SaigonFlex UM-77,Streetwear,Balanced
473,SaigonFlex UM-78,Streetwear,Balanced
475,SaigonFlex UM-80,Streetwear,Balanced
476,SaigonFlex UM-81,Streetwear,Balanced
478,SaigonFlex UM-83,Streetwear,Balanced
479,SaigonFlex UM-84,Streetwear,Balanced
481,SaigonFlex UM-86,Streetwear,Balanced
482,SaigonFlex UM-87,Streetwear,Balanced
483,SaigonFlex UM-88,Streetwear,Balanced
484,SaigonFlex UM-89,Streetwear,Balanced
485,SaigonFlex UM-90,Streetwear,Balanced
486,SaigonFlex UM-91,Streetwear,Balanced
487,SaigonFlex UM-92,Streetwear,Balanced
488,SaigonFlex UM-93,Streetwear,Balanced
489,SaigonFlex UM-94,Streetwear,Balanced
490,SaigonFlex UM-95,Streetwear,Balanced
491,SaigonFlex UM-96,Streetwear,Balanced
492,SaigonFlex UM-97,Streetwear,Balanced
493,SaigonFlex UM-98,Streetwear,Balanced
494,SaigonFlex UM-99,Streetwear,Balanced
495,SaigonFlex UM-00,Streetwear,Balanced
496,SaigonFlex UM-01,Streetwear,Balanced
497,SaigonFlex UM-02,Streetwear,Balanced
498,SaigonFlex UM-03,Streetwear,Balanced
499,SaigonFlex UM-04,Streetwear,Balanced
500,SaigonFlex UM-05,Streetwear,Balanced
501,SaigonFlex UM-06,Streetwear,Balanced
502,SaigonFlex UM-07,Streetwear,Balanced
503,SaigonFlex UM-08,Streetwear,Balanced
504,SaigonFlex UM-09,Streetwear,Balanced
505,SaigonFlex UM-10,Streetwear,Balanced
506,SaigonFlex UM-11,Streetwear,Balanced
508,SaigonFlex UM-13,Streetwear,Balanced
510,SaigonFlex UM-15,Streetwear,Balanced
511,SaigonFlex UM-16,Streetwear,Balanced
512,SaigonFlex UR-01,Streetwear,Standard
513,SaigonFlex UE-01,Streetwear,Performance
514,SaigonFlex UE-02,Streetwear,Performance
515,SaigonFlex UE-03,Streetwear,Performance
516,SaigonFlex UE-04,Streetwear,Performance
517,SaigonFlex UE-05,Streetwear,Performance
518,SaigonFlex UE-06,Streetwear,Performance
519,SaigonFlex UE-07,Streetwear,Performance
520,SaigonFlex UE-08,Streetwear,Performance
521,SaigonFlex UE-09,Streetwear,Performance
523,SaigonFlex UE-11,Streetwear,Performance
524,SaigonFlex UE-12,Streetwear,Performance
525,SaigonFlex UE-13,Streetwear,Performance
527,SaigonFlex UE-15,Streetwear,Performance
528,SaigonFlex UE-16,Streetwear,Performance
529,SaigonFlex UE-17,Streetwear,Performance
530,SaigonFlex UE-18,Streetwear,Performance
531,SaigonFlex UE-19,Streetwear,Performance
532,SaigonFlex UE-20,Streetwear,Performance
533,SaigonFlex UE-21,Streetwear,Performance
534,SaigonFlex UE-22,Streetwear,Performance
535,SaigonFlex UE-23,Streetwear,Performance
536,SaigonFlex UC-01,Streetwear,Everyday
537,SaigonFlex UC-02,Streetwear,Everyday
538,SaigonFlex UC-03,Streetwear,Everyday
539,SaigonFlex UC-04,Streetwear,Everyday
540,SaigonFlex UC-05,Streetwear,Everyday
541,SaigonFlex UC-06,Streetwear,Everyday
542,SaigonFlex UC-07,Streetwear,Everyday
544,SaigonFlex UC-09,Streetwear,Everyday
545,SaigonFlex UC-10,Streetwear,Everyday
546,SaigonFlex UC-11,Streetwear,Everyday
547,SaigonFlex UC-12,Streetwear,Everyday
548,SaigonFlex UC-13,Streetwear,Everyday
549,SaigonFlex UC-14,Streetwear,Everyday
550,SaigonFlex UC-15,Streetwear,Everyday
551,SaigonFlex UC-16,Streetwear,Everyday
552,SaigonFlex UC-17,Streetwear,Everyday
553,SaigonFlex UC-18,Streetwear,Everyday
554,SaigonFlex UC-19,Streetwear,Everyday
555,SaigonFlex UC-20,Streetwear,Everyday
556,SaigonFlex UC-21,Streetwear,Everyday
557,SaigonFlex UC-22,Streetwear,Everyday
559,SaigonFlex UC-24,Streetwear,Everyday
562,SaigonFlex UC-27,Streetwear,Everyday
563,SaigonFlex UC-28,Streetwear,Everyday
564,SaigonFlex UC-29,Streetwear,Everyday
565,SaigonFlex UC-30,Streetwear,Everyday
566,SaigonFlex UC-31,Streetwear,Everyday
567,SaigonFlex UC-32,Streetwear,Everyday
568,SaigonFlex UC-33,Streetwear,Everyday
569,SaigonFlex UC-34,Streetwear,Everyday
570,SaigonFlex UC-35,Streetwear,Everyday
571,SaigonFlex UC-36,Streetwear,Everyday
572,SaigonFlex UC-37,Streetwear,Everyday
573,SaigonFlex UC-38,Streetwear,Everyday
574,SaigonFlex UC-39,Streetwear,Everyday
575,SaigonFlex UC-40,Streetwear,Everyday
576,SaigonFlex UC-41,Streetwear,Everyday
577,SaigonFlex UC-42,Streetwear,Everyday
578,SaigonFlex UC-43,Streetwear,Everyday
579,SaigonFlex UC-44,Streetwear,Everyday
580,SaigonFlex UC-45,Streetwear,Everyday
581,SaigonFlex UC-46,Streetwear,Everyday
583,SaigonFlex UC-48,Streetwear,Everyday
585,SaigonFlex UC-50,Streetwear,Everyday
586,SaigonFlex UC-51,Streetwear,Everyday
588,SaigonFlex UC-53,Streetwear,Everyday
589,SaigonFlex UC-54,Streetwear,Everyday
590,SaigonFlex UC-55,Streetwear,Everyday
591,SaigonFlex UC-56,Streetwear,Everyday
592,SaigonFlex UC-57,Streetwear,Everyday
593,SaigonFlex UC-58,Streetwear,Everyday
595,SaigonFlex UC-60,Streetwear,Everyday
596,SaigonFlex UC-61,Streetwear,Everyday
599,SaigonFlex UC-64,Streetwear,Everyday
600,SaigonFlex UC-65,Streetwear,Everyday
601,SaigonFlex UC-66,Streetwear,Everyday
602,SaigonFlex UC-67,Streetwear,Everyday
603,SaigonFlex UC-68,Streetwear,Everyday
604,SaigonFlex UC-69,Streetwear,Everyday
605,SaigonFlex UC-70,Streetwear,Everyday
606,SaigonFlex UC-71,Streetwear,Everyday
607,SaigonFlex UC-72,Streetwear,Everyday
608,SaigonFlex UC-73,Streetwear,Everyday
609,SaigonFlex UC-74,Streetwear,Everyday
610,SaigonFlex UC-75,Streetwear,Everyday
611,SaigonFlex UC-76,Streetwear,Everyday
612,SaigonFlex UC-77,Streetwear,Everyday
614,SaigonFlex UC-79,Streetwear,Everyday
615,SaigonFlex UC-80,Streetwear,Everyday
617,SaigonFlex UC-82,Streetwear,Everyday
618,SaigonFlex UC-83,Streetwear,Everyday
619,SaigonFlex UC-84,Streetwear,Everyday
622,SaigonFlex UC-87,Streetwear,Everyday
623,SaigonFlex UC-88,Streetwear,Everyday
625,SaigonFlex UC-90,Streetwear,Everyday
626,SaigonFlex UC-91,Streetwear,Everyday
627,SaigonFlex UC-92,Streetwear,Everyday
628,SaigonFlex UC-93,Streetwear,Everyday
629,SaigonFlex UC-94,Streetwear,Everyday
630,SaigonFlex UC-95,Streetwear,Everyday
631,SaigonFlex UC-96,Streetwear,Everyday
632,SaigonFlex UC-97,Streetwear,Everyday
633,SaigonFlex UC-98,Streetwear,Everyday
634,SaigonFlex UC-99,Streetwear,Everyday
635,SaigonFlex UC-00,Streetwear,Everyday
636,SaigonFlex UC-01,Streetwear,Everyday
637,SaigonFlex UC-02,Streetwear,Everyday
638,SaigonFlex UC-03,Streetwear,Everyday
639,SaigonFlex UC-04,Streetwear,Everyday
640,SaigonFlex UC-05,Streetwear,Everyday
641,SaigonFlex UC-06,Streetwear,Everyday
642,SaigonFlex UC-07,Streetwear,Everyday
643,SaigonFlex UC-08,Streetwear,Everyday
644,SaigonFlex UC-09,Streetwear,Everyday
645,SaigonFlex UC-10,Streetwear,Everyday
646,SaigonFlex UC-11,Streetwear,Everyday
647,SaigonFlex UC-12,Streetwear,Everyday
648,SaigonFlex UC-13,Streetwear,Everyday
649,SaigonFlex UC-14,Streetwear,Everyday
650,SaigonFlex UC-15,Streetwear,Everyday
651,SaigonFlex UC-16,Streetwear,Everyday
652,SaigonFlex UC-17,Streetwear,Everyday
653,SaigonFlex UC-18,Streetwear,Everyday
654,SaigonFlex UC-19,Streetwear,Everyday
655,SaigonFlex UC-20,Streetwear,Everyday
656,SaigonFlex UC-21,Streetwear,Everyday
657,SaigonFlex UC-22,Streetwear,Everyday
658,SaigonFlex UC-23,Streetwear,Everyday
659,SaigonFlex UC-24,Streetwear,Everyday
660,SaigonFlex UC-25,Streetwear,Everyday
662,SaigonFlex UC-27,Streetwear,Everyday
663,SaigonFlex UC-28,Streetwear,Everyday
666,SaigonFlex UC-31,Streetwear,Everyday
667,SaigonFlex UC-32,Streetwear,Everyday
668,SaigonFlex UC-33,Streetwear,Everyday
669,SaigonFlex UC-34,Streetwear,Everyday
670,SaigonFlex UC-35,Streetwear,Everyday
671,SaigonFlex UC-36,Streetwear,Everyday
672,SaigonFlex UC-37,Streetwear,Everyday
674,SaigonFlex UC-39,Streetwear,Everyday
675,SaigonFlex UC-40,Streetwear,Everyday
676,SaigonFlex UC-41,Streetwear,Everyday
681,SaigonFlex UC-46,Streetwear,Everyday
682,SaigonFlex UC-47,Streetwear,Everyday
683,SaigonFlex UC-48,Streetwear,Everyday
684,SaigonFlex UC-49,Streetwear,Everyday
685,SaigonFlex UC-50,Streetwear,Everyday
686,SaigonFlex UC-51,Streetwear,Everyday
687,SaigonFlex UC-52,Streetwear,Everyday
688,SaigonFlex UC-53,Streetwear,Everyday
689,SaigonFlex UC-54,Streetwear,Everyday
690,SaigonFlex UC-55,Streetwear,Everyday
691,SaigonFlex UC-56,Streetwear,Everyday
692,SaigonFlex UC-57,Streetwear,Everyday
699,HanoiStreet MA-06,Casual,All-weather
702,HanoiStreet MA-09,Casual,All-weather
706,HanoiStreet MA-13,Casual,All-weather
711,HanoiStreet MA-18,Casual,All-weather
713,HanoiStreet RP-01,Outdoor,Activewear
714,HanoiStreet RP-02,Outdoor,Activewear
715,HanoiStreet RP-03,Outdoor,Activewear
716,HanoiStreet RP-04,Outdoor,Activewear
717,HanoiStreet RP-05,Outdoor,Activewear
718,HanoiStreet RP-06,Outdoor,Activewear
719,HanoiStreet RP-07,Outdoor,Activewear
720,HanoiStreet RP-08,Outdoor,Activewear
725,HanoiStreet RP-13,Outdoor,Activewear
726,HanoiStreet RP-14,Outdoor,Activewear
727,HanoiStreet RP-15,Outdoor,Activewear
728,HanoiStreet RP-16,Outdoor,Activewear
729,HanoiStreet RP-17,Outdoor,Activewear
730,HanoiStreet RP-18,Outdoor,Activewear
733,HanoiStreet RP-21,Outdoor,Activewear
734,HanoiStreet RP-22,Outdoor,Activewear
735,HanoiStreet RP-23,Outdoor,Activewear
736,HanoiStreet RP-24,Outdoor,Activewear
739,HanoiStreet RP-27,Outdoor,Activewear
740,HanoiStreet RP-28,Outdoor,Activewear
743,HanoiStreet RP-31,Outdoor,Activewear
744,HanoiStreet RP-32,Outdoor,Activewear
745,HanoiStreet RP-33,Outdoor,Activewear
746,HanoiStreet RP-34,Outdoor,Activewear
753,HanoiStreet RP-41,Outdoor,Activewear
754,HanoiStreet RP-42,Outdoor,Activewear
757,HanoiStreet RP-45,Outdoor,Activewear
758,HanoiStreet RP-46,Outdoor,Activewear
759,HanoiStreet RP-47,Outdoor,Activewear
760,HanoiStreet RP-48,Outdoor,Activewear
761,HanoiStreet RP-49,Outdoor,Activewear
762,HanoiStreet RP-50,Outdoor,Activewear
763,HanoiStreet RP-51,Outdoor,Activewear
764,HanoiStreet RP-52,Outdoor,Activewear
767,HanoiStreet RP-55,Outdoor,Activewear
768,HanoiStreet RP-56,Outdoor,Activewear
769,HanoiStreet RP-57,Outdoor,Activewear
770,HanoiStreet RP-58,Outdoor,Activewear
771,HanoiStreet RP-59,Outdoor,Activewear
772,HanoiStreet RP-60,Outdoor,Activewear
777,HanoiStreet RP-65,Outdoor,Activewear
778,HanoiStreet RP-66,Outdoor,Activewear
779,HanoiStreet RP-67,Outdoor,Activewear
780,HanoiStreet RP-68,Outdoor,Activewear
781,HanoiStreet RP-69,Outdoor,Activewear
782,HanoiStreet RP-70,Outdoor,Activewear
785,HanoiStreet RP-73,Outdoor,Activewear
786,HanoiStreet RP-74,Outdoor,Activewear
787,HanoiStreet RP-75,Outdoor,Activewear
788,HanoiStreet RP-76,Outdoor,Activewear
789,HanoiStreet RP-77,Outdoor,Activewear
790,HanoiStreet RP-78,Outdoor,Activewear
791,HanoiStreet RP-79,Outdoor,Activewear
792,HanoiStreet RP-80,Outdoor,Activewear
793,HanoiStreet RP-81,Outdoor,Activewear
794,HanoiStreet RP-82,Outdoor,Activewear
795,HanoiStreet RP-83,Outdoor,Activewear
796,HanoiStreet RP-84,Outdoor,Activewear
797,HanoiStreet RS-01,Outdoor,Premium
800,HanoiStreet RS-04,Outdoor,Premium
801,HanoiStreet RS-05,Outdoor,Premium
802,HanoiStreet RS-06,Outdoor,Premium
803,HanoiStreet RS-07,Outdoor,Premium
804,HanoiStreet RS-08,Outdoor,Premium
805,HanoiStreet RS-09,Outdoor,Premium
806,HanoiStreet RS-10,Outdoor,Premium
807,HanoiStreet RS-11,Outdoor,Premium
808,HanoiStreet RS-12,Outdoor,Premium
809,HanoiStreet RS-13,Outdoor,Premium
811,HanoiStreet RS-15,Outdoor,Premium
812,HanoiStreet RS-16,Outdoor,Premium
813,HanoiStreet RS-17,Outdoor,Premium
816,HanoiStreet RS-20,Outdoor,Premium
819,HanoiStreet UM-03,Streetwear,Balanced
822,HanoiStreet UM-06,Streetwear,Balanced
823,HanoiStreet UM-07,Streetwear,Balanced
826,HanoiStreet UM-10,Streetwear,Balanced
827,HanoiStreet UM-11,Streetwear,Balanced
828,HanoiStreet UM-12,Streetwear,Balanced
835,HanoiStreet UM-19,Streetwear,Balanced
837,HanoiStreet UM-21,Streetwear,Balanced
838,HanoiStreet UM-22,Streetwear,Balanced
839,HanoiStreet UM-23,Streetwear,Balanced
842,HanoiStreet UM-26,Streetwear,Balanced
843,HanoiStreet UM-27,Streetwear,Balanced
846,HanoiStreet UM-30,Streetwear,Balanced
847,HanoiStreet UM-31,Streetwear,Balanced
852,HanoiStreet UM-36,Streetwear,Balanced
853,HanoiStreet UM-37,Streetwear,Balanced
854,HanoiStreet UM-38,Streetwear,Balanced
862,HanoiStreet UR-08,Streetwear,Standard
863,HanoiStreet UR-09,Streetwear,Standard
881,HanoiStreet UR-27,Streetwear,Standard
882,HanoiStreet UR-28,Streetwear,Standard
895,HanoiStreet UE-04,Streetwear,Performance
896,HanoiStreet UE-05,Streetwear,Performance
897,HanoiStreet UE-06,Streetwear,Performance
899,HanoiStreet UE-08,Streetwear,Performance
901,HanoiStreet UE-10,Streetwear,Performance
905,HanoiStreet UE-14,Streetwear,Performance
906,HanoiStreet UE-15,Streetwear,Performance
907,HanoiStreet UE-16,Streetwear,Performance
908,HanoiStreet UE-17,Streetwear,Performance
909,HanoiStreet UE-18,Streetwear,Performance
910,HanoiStreet UE-19,Streetwear,Performance
913,HanoiStreet UE-22,Streetwear,Performance
914,HanoiStreet UE-23,Streetwear,Performance
915,HanoiStreet UE-24,Streetwear,Performance
916,HanoiStreet UE-25,Streetwear,Performance
921,HanoiStreet UE-30,Streetwear,Performance
922,HanoiStreet UE-31,Streetwear,Performance
926,HanoiStreet UE-35,Streetwear,Performance
927,HanoiStreet UE-36,Streetwear,Performance
930,HanoiStreet UE-39,Streetwear,Performance
933,HanoiStreet UE-42,Streetwear,Performance
935,HanoiStreet UE-44,Streetwear,Performance
936,HanoiStreet UE-45,Streetwear,Performance
937,HanoiStreet UE-46,Streetwear,Performance
939,HanoiStreet UC-02,Streetwear,Everyday
940,HanoiStreet UC-03,Streetwear,Everyday
942,HanoiStreet UC-05,Streetwear,Everyday
943,HanoiStreet UC-06,Streetwear,Everyday
945,HanoiStreet UC-08,Streetwear,Everyday
946,HanoiStreet UC-09,Streetwear,Everyday
947,HanoiStreet UC-10,Streetwear,Everyday
948,HanoiStreet UC-11,Streetwear,Everyday
949,HanoiStreet UC-12,Streetwear,Everyday
950,HanoiStreet UC-13,Streetwear,Everyday
952,HanoiStreet UC-15,Streetwear,Everyday
954,HanoiStreet UC-17,Streetwear,Everyday
955,HanoiStreet UC-18,Streetwear,Everyday
956,HanoiStreet UC-19,Streetwear,Everyday
957,HanoiStreet UC-20,Streetwear,Everyday
958,HanoiStreet UC-21,Streetwear,Everyday
959,HanoiStreet UC-22,Streetwear,Everyday
962,HanoiStreet UC-25,Streetwear,Everyday
963,HanoiStreet UC-26,Streetwear,Everyday
964,HanoiStreet UC-27,Streetwear,Everyday
965,HanoiStreet UC-28,Streetwear,Everyday
966,HanoiStreet UC-29,Streetwear,Everyday
967,HanoiStreet UC-30,Streetwear,Everyday
968,HanoiStreet UC-31,Streetwear,Everyday
971,HanoiStreet UC-34,Streetwear,Everyday
972,HanoiStreet UC-35,Streetwear,Everyday
973,HanoiStreet UC-36,Streetwear,Everyday
974,HanoiStreet UC-37,Streetwear,Everyday
975,HanoiStreet UC-38,Streetwear,Everyday
976,HanoiStreet UC-39,Streetwear,Everyday
977,HanoiStreet UC-40,Streetwear,Everyday
978,HanoiStreet UC-41,Streetwear,Everyday
979,HanoiStreet UC-42,Streetwear,Everyday
980,HanoiStreet UC-43,Streetwear,Everyday
981,HanoiStreet UC-44,Streetwear,Everyday
982,HanoiStreet UC-45,Streetwear,Everyday
985,HanoiStreet UC-48,Streetwear,Everyday
989,HanoiStreet UC-52,Streetwear,Everyday
990,HanoiStreet UC-53,Streetwear,Everyday
992,HanoiStreet UC-55,Streetwear,Everyday
993,HanoiStreet UC-56,Streetwear,Everyday
995,HanoiStreet UC-58,Streetwear,Everyday
996,HanoiStreet UC-59,Streetwear,Everyday
997,HanoiStreet UC-60,Streetwear,Everyday
998,HanoiStreet UC-61,Streetwear,Everyday
999,HanoiStreet UC-62,Streetwear,Everyday
1000,HanoiStreet YY-01,GenZ,Trendy
1001,HanoiStreet YY-02,GenZ,Trendy
1002,HanoiStreet YY-03,GenZ,Trendy
1003,HanoiStreet YY-04,GenZ,Trendy
1005,HanoiStreet YY-06,GenZ,Trendy
1006,HanoiStreet YY-07,GenZ,Trendy
1007,HanoiStreet YY-08,GenZ,Trendy
1008,HanoiStreet YY-09,GenZ,Trendy
1009,HanoiStreet YY-10,GenZ,Trendy
1012,HanoiStreet YY-13,GenZ,Trendy
1013,HanoiStreet YY-14,GenZ,Trendy
1014,HanoiStreet YY-15,GenZ,Trendy
1017,HanoiStreet YY-18,GenZ,Trendy
1019,HanoiStreet YY-20,GenZ,Trendy
1022,HanoiStreet YY-23,GenZ,Trendy
1026,HanoiStreet YY-27,GenZ,Trendy
1029,MekongStyle UC-01,Streetwear,Everyday
1031,MekongStyle UC-03,Streetwear,Everyday
1034,MekongStyle UC-06,Streetwear,Everyday
1035,MekongStyle UC-07,Streetwear,Everyday
1037,MekongStyle UC-09,Streetwear,Everyday
1040,MekongStyle UC-12,Streetwear,Everyday
1041,MekongStyle UC-13,Streetwear,Everyday
1042,MekongStyle UC-14,Streetwear,Everyday
1043,MekongFit MA-01,Casual,All-weather
1044,MekongFit MA-02,Casual,All-weather
1045,MekongFit MA-03,Casual,All-weather
1046,MekongFit MA-04,Casual,All-weather
1047,MekongFit MA-05,Casual,All-weather
1048,MekongFit MA-06,Casual,All-weather
1049,MekongFit MA-07,Casual,All-weather
1050,MekongFit MA-08,Casual,All-weather
1052,MekongFit MA-10,Casual,All-weather
1053,MekongFit MA-11,Casual,All-weather
1054,MekongFit MA-12,Casual,All-weather
1055,MekongFit RP-01,Outdoor,Activewear
1056,MekongFit RP-02,Outdoor,Activewear
1057,MekongFit RP-03,Outdoor,Activewear
1058,MekongFit RP-04,Outdoor,Activewear
1059,MekongFit RP-05,Outdoor,Activewear
1060,MekongFit RP-06,Outdoor,Activewear
1061,MekongFit RP-07,Outdoor,Activewear
1062,MekongFit RP-08,Outdoor,Activewear
1063,MekongFit RP-09,Outdoor,Activewear
1064,MekongFit RP-10,Outdoor,Activewear
1065,MekongFit RP-11,Outdoor,Activewear
1066,MekongFit RP-12,Outdoor,Activewear
1067,MekongFit RP-13,Outdoor,Activewear
1068,MekongFit RP-14,Outdoor,Activewear
1069,MekongFit RP-15,Outdoor,Activewear
1070,MekongFit RP-16,Outdoor,Activewear
1073,MekongFit RP-19,Outdoor,Activewear
1074,MekongFit RP-20,Outdoor,Activewear
1075,MekongFit RP-21,Outdoor,Activewear
1076,MekongFit RP-22,Outdoor,Activewear
1077,MekongFit RP-23,Outdoor,Activewear
1078,MekongFit RP-24,Outdoor,Activewear
1079,MekongFit RP-25,Outdoor,Activewear
1080,MekongFit RP-26,Outdoor,Activewear
1081,MekongFit RP-27,Outdoor,Activewear
1082,MekongFit RP-28,Outdoor,Activewear
1085,MekongFit RP-31,Outdoor,Activewear
1086,MekongFit RP-32,Outdoor,Activewear
1087,MekongFit RP-33,Outdoor,Activewear
1088,MekongFit RP-34,Outdoor,Activewear
1089,MekongFit RP-35,Outdoor,Activewear
1090,MekongFit RP-36,Outdoor,Activewear
1091,MekongFit RP-37,Outdoor,Activewear
1092,MekongFit RP-38,Outdoor,Activewear
1093,MekongFit RP-39,Outdoor,Activewear
1094,MekongFit RP-40,Outdoor,Activewear
1095,MekongFit RP-41,Outdoor,Activewear
1096,MekongFit RP-42,Outdoor,Activewear
1097,MekongFit RP-43,Outdoor,Activewear
1098,MekongFit RP-44,Outdoor,Activewear
1099,MekongFit RP-45,Outdoor,Activewear
1100,MekongFit RP-46,Outdoor,Activewear
1101,MekongFit RP-47,Outdoor,Activewear
1102,MekongFit RP-48,Outdoor,Activewear
1103,MekongFit RP-49,Outdoor,Activewear
1104,MekongFit RP-50,Outdoor,Activewear
1105,MekongFit RP-51,Outdoor,Activewear
1106,MekongFit RP-52,Outdoor,Activewear
1107,MekongFit RP-53,Outdoor,Activewear
1108,MekongFit RP-54,Outdoor,Activewear
1109,MekongFit RP-55,Outdoor,Activewear
1110,MekongFit RP-56,Outdoor,Activewear
1111,MekongFit RP-57,Outdoor,Activewear
1112,MekongFit RP-58,Outdoor,Activewear
1113,MekongFit RS-01,Outdoor,Premium
1114,MekongFit RS-02,Outdoor,Premium
1115,MekongFit RS-03,Outdoor,Premium
1116,MekongFit RS-04,Outdoor,Premium
1117,MekongFit RS-05,Outdoor,Premium
1118,MekongFit RS-06,Outdoor,Premium
1119,MekongFit RS-07,Outdoor,Premium
1120,MekongFit RS-08,Outdoor,Premium
1121,MekongFit RS-09,Outdoor,Premium
1122,MekongFit RS-10,Outdoor,Premium
1123,MekongFit RS-11,Outdoor,Premium
1124,MekongFit UM-01,Streetwear,Balanced
1125,MekongFit UM-02,Streetwear,Balanced
1126,MekongFit UM-03,Streetwear,Balanced
1127,MekongFit UM-04,Streetwear,Balanced
1129,MekongFit UM-06,Streetwear,Balanced
1131,MekongFit UM-08,Streetwear,Balanced
1132,MekongFit UM-09,Streetwear,Balanced
1133,MekongFit UM-10,Streetwear,Balanced
1134,MekongFit UM-11,Streetwear,Balanced
1136,MekongFit UM-13,Streetwear,Balanced
1137,MekongFit UM-14,Streetwear,Balanced
1138,MekongFit UM-15,Streetwear,Balanced
1139,MekongFit UM-16,Streetwear,Balanced
1140,MekongFit UM-17,Streetwear,Balanced
1141,MekongFit UM-18,Streetwear,Balanced
1142,MekongFit UM-19,Streetwear,Balanced
1143,MekongFit UM-20,Streetwear,Balanced
1144,MekongFit UR-01,Streetwear,Standard
1145,MekongFit UR-02,Streetwear,Standard
1148,MekongFit UR-05,Streetwear,Standard
1149,MekongFit UR-06,Streetwear,Standard
1150,MekongFit UR-07,Streetwear,Standard
1153,MekongFit UR-10,Streetwear,Standard
1155,MekongFit UR-12,Streetwear,Standard
1156,MekongFit UR-13,Streetwear,Standard
1157,MekongFit UR-14,Streetwear,Standard
1165,MekongFit UE-01,Streetwear,Performance
1166,MekongFit UE-02,Streetwear,Performance
1167,MekongFit UE-03,Streetwear,Performance
1168,MekongFit UE-04,Streetwear,Performance
1169,MekongFit UE-05,Streetwear,Performance
1170,MekongFit UE-06,Streetwear,Performance
1171,MekongFit UE-07,Streetwear,Performance
1172,MekongFit UE-08,Streetwear,Performance
1173,MekongFit UE-09,Streetwear,Performance
1174,MekongFit UE-10,Streetwear,Performance
1175,MekongFit UE-11,Streetwear,Performance
1176,MekongFit UE-12,Streetwear,Performance
1177,MekongFit UE-13,Streetwear,Performance
1178,MekongFit UE-14,Streetwear,Performance
1179,MekongFit UE-15,Streetwear,Performance
1180,MekongFit UE-16,Streetwear,Performance
1181,MekongFit UE-17,Streetwear,Performance
1182,MekongFit UE-18,Streetwear,Performance
1183,MekongFit UE-19,Streetwear,Performance
1184,MekongFit UE-20,Streetwear,Performance
1186,MekongFit UE-22,Streetwear,Performance
1187,MekongFit UE-23,Streetwear,Performance
1188,MekongFit UE-24,Streetwear,Performance
1189,MekongFit UE-25,Streetwear,Performance
1190,MekongFit UE-26,Streetwear,Performance
1191,MekongFit UE-27,Streetwear,Performance
1192,MekongFit UE-28,Streetwear,Performance
1194,MekongFit UE-30,Streetwear,Performance
1195,MekongFit UE-31,Streetwear,Performance
1196,MekongFit UE-32,Streetwear,Performance
1197,MekongFit UE-33,Streetwear,Performance
1198,MekongFit UE-34,Streetwear,Performance
1199,MekongFit UC-01,Streetwear,Everyday
1200,MekongFit UC-02,Streetwear,Everyday
1201,MekongFit UC-03,Streetwear,Everyday
1202,MekongFit UC-04,Streetwear,Everyday
1203,MekongFit UC-05,Streetwear,Everyday
1204,MekongFit UC-06,Streetwear,Everyday
1205,MekongFit UC-07,Streetwear,Everyday
1206,MekongFit UC-08,Streetwear,Everyday
1207,MekongFit UC-09,Streetwear,Everyday
1210,MekongFit UC-12,Streetwear,Everyday
1211,MekongFit UC-13,Streetwear,Everyday
1212,MekongFit UC-14,Streetwear,Everyday
1213,MekongFit UC-15,Streetwear,Everyday
1214,MekongFit UC-16,Streetwear,Everyday
1215,MekongFit UC-17,Streetwear,Everyday
1217,MekongFit UC-19,Streetwear,Everyday
1220,MekongFit UC-22,Streetwear,Everyday
1221,MekongFit UC-23,Streetwear,Everyday
1223,MekongFit UC-25,Streetwear,Everyday
1225,MekongFit UC-27,Streetwear,Everyday
1226,MekongFit UC-28,Streetwear,Everyday
1227,MekongFit UC-29,Streetwear,Everyday
1228,MekongFit UC-30,Streetwear,Everyday
1229,MekongFit UC-31,Streetwear,Everyday
1230,MekongFit UC-32,Streetwear,Everyday
1231,MekongFit UC-33,Streetwear,Everyday
1232,MekongFit UC-34,Streetwear,Everyday
1235,VietMode MP-03,Casual,Activewear
1236,VietMode MP-04,Casual,Activewear
1239,VietMode MP-07,Casual,Activewear
1240,VietMode MP-08,Casual,Activewear
1241,VietMode MP-09,Casual,Activewear
1242,VietMode MP-10,Casual,Activewear
1243,VietMode MP-11,Casual,Activewear
1244,VietMode MP-12,Casual,Activewear
1245,VietMode MP-13,Casual,Activewear
1246,VietMode MP-14,Casual,Activewear
1247,VietMode MP-15,Casual,Activewear
1248,VietMode MP-16,Casual,Activewear
1249,VietMode MP-17,Casual,Activewear
1250,VietMode MP-18,Casual,Activewear
1251,VietMode MP-19,Casual,Activewear
1252,VietMode MP-20,Casual,Activewear
1253,VietMode MP-21,Casual,Activewear
1254,VietMode MP-22,Casual,Activewear
1259,VietMode MP-27,Casual,Activewear
1260,VietMode MP-28,Casual,Activewear
1261,VietMode MP-29,Casual,Activewear
1262,VietMode MP-30,Casual,Activewear
1263,VietMode MP-31,Casual,Activewear
1264,VietMode MP-32,Casual,Activewear
1271,VietMode MA-07,Casual,All-weather
1272,VietMode MA-08,Casual,All-weather
1273,VietMode MA-09,Casual,All-weather
1275,VietMode MA-11,Casual,All-weather
1277,VietMode MA-13,Casual,All-weather
1278,VietMode MA-14,Casual,All-weather
1279,VietMode MA-15,Casual,All-weather
1280,VietMode MA-16,Casual,All-weather
1285,VietMode MA-21,Casual,All-weather
1286,VietMode MA-22,Casual,All-weather
1287,VietMode MA-23,Casual,All-weather
1288,VietMode MA-24,Casual,All-weather
1289,VietMode MA-25,Casual,All-weather
1294,VietMode MA-30,Casual,All-weather
1297,VietMode MA-33,Casual,All-weather
1298,VietMode MA-34,Casual,All-weather
1299,VietMode MA-35,Casual,All-weather
1301,VietMode MA-37,Casual,All-weather
1303,VietMode MA-39,Casual,All-weather
1304,VietMode MA-40,Casual,All-weather
1305,VietMode MA-41,Casual,All-weather
1308,VietMode MA-44,Casual,All-weather
1309,VietMode RP-01,Outdoor,Activewear
1310,VietMode RP-02,Outdoor,Activewear
1313,VietMode RP-05,Outdoor,Activewear
1314,VietMode RP-06,Outdoor,Activewear
1315,VietMode RP-07,Outdoor,Activewear
1316,VietMode RP-08,Outdoor,Activewear
1317,VietMode RP-09,Outdoor,Activewear
1318,VietMode RP-10,Outdoor,Activewear
1319,VietMode RP-11,Outdoor,Activewear
1320,VietMode RP-12,Outdoor,Activewear
1325,VietMode RP-17,Outdoor,Activewear
1326,VietMode RP-18,Outdoor,Activewear
1329,VietMode RP-21,Outdoor,Activewear
1330,VietMode RP-22,Outdoor,Activewear
1331,VietMode RP-23,Outdoor,Activewear
1332,VietMode RP-24,Outdoor,Activewear
1335,VietMode RP-27,Outdoor,Activewear
1336,VietMode RP-28,Outdoor,Activewear
1339,VietMode RP-31,Outdoor,Activewear
1340,VietMode RP-32,Outdoor,Activewear
1341,VietMode RP-33,Outdoor,Activewear
1342,VietMode RP-34,Outdoor,Activewear
1343,VietMode RP-35,Outdoor,Activewear
1344,VietMode RP-36,Outdoor,Activewear
1345,VietMode RP-37,Outdoor,Activewear
1346,VietMode RP-38,Outdoor,Activewear
1347,VietMode RP-39,Outdoor,Activewear
1348,VietMode RP-40,Outdoor,Activewear
1349,VietMode RP-41,Outdoor,Activewear
1350,VietMode RP-42,Outdoor,Activewear
1351,VietMode RP-43,Outdoor,Activewear
1352,VietMode RP-44,Outdoor,Activewear
1353,VietMode RP-45,Outdoor,Activewear
1354,VietMode RP-46,Outdoor,Activewear
1357,VietMode RP-49,Outdoor,Activewear
1358,VietMode RP-50,Outdoor,Activewear
1359,VietMode RP-51,Outdoor,Activewear
1360,VietMode RP-52,Outdoor,Activewear
1361,VietMode RP-53,Outdoor,Activewear
1362,VietMode RP-54,Outdoor,Activewear
1363,VietMode RP-55,Outdoor,Activewear
1364,VietMode RP-56,Outdoor,Activewear
1369,VietMode RP-61,Outdoor,Activewear
1370,VietMode RP-62,Outdoor,Activewear
1373,VietMode RP-65,Outdoor,Activewear
1374,VietMode RP-66,Outdoor,Activewear
1375,VietMode RP-67,Outdoor,Activewear
1376,VietMode RP-68,Outdoor,Activewear
1379,VietMode RP-71,Outdoor,Activewear
1380,VietMode RP-72,Outdoor,Activewear
1381,VietMode RP-73,Outdoor,Activewear
1382,VietMode RP-74,Outdoor,Activewear
1383,VietMode RP-75,Outdoor,Activewear
1384,VietMode RP-76,Outdoor,Activewear
1385,VietMode RP-77,Outdoor,Activewear
1386,VietMode RP-78,Outdoor,Activewear
1387,VietMode RP-79,Outdoor,Activewear
1388,VietMode RP-80,Outdoor,Activewear
1389,VietMode RP-81,Outdoor,Activewear
1390,VietMode RP-82,Outdoor,Activewear
1391,VietMode RP-83,Outdoor,Activewear
1392,VietMode RP-84,Outdoor,Activewear
1393,VietMode RP-85,Outdoor,Activewear
1394,VietMode RP-86,Outdoor,Activewear
1395,VietMode RP-87,Outdoor,Activewear
1396,VietMode RP-88,Outdoor,Activewear
1397,VietMode RP-89,Outdoor,Activewear
1398,VietMode RP-90,Outdoor,Activewear
1401,VietMode RP-93,Outdoor,Activewear
1402,VietMode RP-94,Outdoor,Activewear
1405,VietMode RP-97,Outdoor,Activewear
1406,VietMode RP-98,Outdoor,Activewear
1407,VietMode RP-99,Outdoor,Activewear
1408,VietMode RP-00,Outdoor,Activewear
1409,VietMode RP-01,Outdoor,Activewear
1410,VietMode RP-02,Outdoor,Activewear
1411,VietMode RP-03,Outdoor,Activewear
1412,VietMode RP-04,Outdoor,Activewear
1413,VietMode RP-05,Outdoor,Activewear
1414,VietMode RP-06,Outdoor,Activewear
1415,VietMode RP-07,Outdoor,Activewear
1416,VietMode RP-08,Outdoor,Activewear
1417,VietMode RP-09,Outdoor,Activewear
1418,VietMode RP-10,Outdoor,Activewear
1419,VietMode RP-11,Outdoor,Activewear
1420,VietMode RP-12,Outdoor,Activewear
1421,VietMode RP-13,Outdoor,Activewear
1422,VietMode RP-14,Outdoor,Activewear
1423,VietMode RP-15,Outdoor,Activewear
1424,VietMode RP-16,Outdoor,Activewear
1425,VietMode RP-17,Outdoor,Activewear
1426,VietMode RP-18,Outdoor,Activewear
1429,VietMode RP-21,Outdoor,Activewear
1430,VietMode RP-22,Outdoor,Activewear
1431,VietMode RP-23,Outdoor,Activewear
1432,VietMode RP-24,Outdoor,Activewear
1433,VietMode RP-25,Outdoor,Activewear
1434,VietMode RP-26,Outdoor,Activewear
1435,VietMode RP-27,Outdoor,Activewear
1436,VietMode RP-28,Outdoor,Activewear
1439,VietMode RP-31,Outdoor,Activewear
1440,VietMode RP-32,Outdoor,Activewear
1441,VietMode RP-33,Outdoor,Activewear
1442,VietMode RP-34,Outdoor,Activewear
1443,VietMode RP-35,Outdoor,Activewear
1444,VietMode RP-36,Outdoor,Activewear
1447,VietMode RP-39,Outdoor,Activewear
1448,VietMode RP-40,Outdoor,Activewear
1449,VietMode RP-41,Outdoor,Activewear
1450,VietMode RP-42,Outdoor,Activewear
1451,VietMode RP-43,Outdoor,Activewear
1452,VietMode RP-44,Outdoor,Activewear
1453,VietMode RP-45,Outdoor,Activewear
1454,VietMode RP-46,Outdoor,Activewear
1457,VietMode RP-49,Outdoor,Activewear
1458,VietMode RP-50,Outdoor,Activewear
1459,VietMode RP-51,Outdoor,Activewear
1460,VietMode RP-52,Outdoor,Activewear
1463,VietMode RP-55,Outdoor,Activewear
1464,VietMode RP-56,Outdoor,Activewear
1465,VietMode RP-57,Outdoor,Activewear
1466,VietMode RP-58,Outdoor,Activewear
1469,VietMode RP-61,Outdoor,Activewear
1470,VietMode RP-62,Outdoor,Activewear
1471,VietMode RP-63,Outdoor,Activewear
1472,VietMode RP-64,Outdoor,Activewear
1473,VietMode RP-65,Outdoor,Activewear
1474,VietMode RP-66,Outdoor,Activewear
1477,VietMode RP-69,Outdoor,Activewear
1478,VietMode RP-70,Outdoor,Activewear
1479,VietMode RP-71,Outdoor,Activewear
1480,VietMode RP-72,Outdoor,Activewear
1481,VietMode RP-73,Outdoor,Activewear
1482,VietMode RP-74,Outdoor,Activewear
1483,VietMode RP-75,Outdoor,Activewear
1484,VietMode RP-76,Outdoor,Activewear
1485,VietMode RP-77,Outdoor,Activewear
1486,VietMode RP-78,Outdoor,Activewear
1487,VietMode RP-79,Outdoor,Activewear
1488,VietMode RP-80,Outdoor,Activewear
1489,VietMode RP-81,Outdoor,Activewear
1490,VietMode RP-82,Outdoor,Activewear
1491,VietMode RP-83,Outdoor,Activewear
1492,VietMode RP-84,Outdoor,Activewear
1493,VietMode RP-85,Outdoor,Activewear
1494,VietMode RP-86,Outdoor,Activewear
1495,VietMode RP-87,Outdoor,Activewear
1496,VietMode RP-88,Outdoor,Activewear
1497,VietMode RP-89,Outdoor,Activewear
1498,VietMode RP-90,Outdoor,Activewear
1501,VietMode RP-93,Outdoor,Activewear
1502,VietMode RP-94,Outdoor,Activewear
1503,VietMode RP-95,Outdoor,Activewear
1504,VietMode RP-96,Outdoor,Activewear
1507,VietMode RP-99,Outdoor,Activewear
1508,VietMode RP-00,Outdoor,Activewear
1511,VietMode RP-03,Outdoor,Activewear
1512,VietMode RP-04,Outdoor,Activewear
1513,VietMode RP-05,Outdoor,Activewear
1514,VietMode RP-06,Outdoor,Activewear
1517,VietMode RP-09,Outdoor,Activewear
1518,VietMode RP-10,Outdoor,Activewear
1519,VietMode RP-11,Outdoor,Activewear
1520,VietMode RP-12,Outdoor,Activewear
1521,VietMode RP-13,Outdoor,Activewear
1522,VietMode RP-14,Outdoor,Activewear
1523,VietMode RP-15,Outdoor,Activewear
1524,VietMode RP-16,Outdoor,Activewear
1527,VietMode RP-19,Outdoor,Activewear
1528,VietMode RP-20,Outdoor,Activewear
1529,VietMode RP-21,Outdoor,Activewear
1530,VietMode RP-22,Outdoor,Activewear
1531,VietMode RP-23,Outdoor,Activewear
1532,VietMode RP-24,Outdoor,Activewear
1539,VietMode RP-31,Outdoor,Activewear
1540,VietMode RP-32,Outdoor,Activewear
1541,VietMode RP-33,Outdoor,Activewear
1542,VietMode RP-34,Outdoor,Activewear
1543,VietMode RP-35,Outdoor,Activewear
1544,VietMode RP-36,Outdoor,Activewear
1545,VietMode RP-37,Outdoor,Activewear
1546,VietMode RP-38,Outdoor,Activewear
1547,VietMode RP-39,Outdoor,Activewear
1548,VietMode RP-40,Outdoor,Activewear
1549,VietMode RP-41,Outdoor,Activewear
1550,VietMode RP-42,Outdoor,Activewear
1551,VietMode RP-43,Outdoor,Activewear
1552,VietMode RP-44,Outdoor,Activewear
1555,VietMode RP-47,Outdoor,Activewear
1556,VietMode RP-48,Outdoor,Activewear
1557,VietMode RP-49,Outdoor,Activewear
1558,VietMode RP-50,Outdoor,Activewear
1559,VietMode RP-51,Outdoor,Activewear
1560,VietMode RP-52,Outdoor,Activewear
1561,VietMode RP-53,Outdoor,Activewear
1562,VietMode RP-54,Outdoor,Activewear
1563,VietMode RS-01,Outdoor,Premium
1564,VietMode RS-02,Outdoor,Premium
1565,VietMode RS-03,Outdoor,Premium
1566,VietMode RS-04,Outdoor,Premium
1567,VietMode RS-05,Outdoor,Premium
1568,VietMode RS-06,Outdoor,Premium
1569,VietMode RS-07,Outdoor,Premium
1572,VietMode RS-10,Outdoor,Premium
1575,VietMode RS-13,Outdoor,Premium
1576,VietMode RS-14,Outdoor,Premium
1577,VietMode RS-15,Outdoor,Premium
1583,VietMode RS-21,Outdoor,Premium
1584,VietMode RS-22,Outdoor,Premium
1588,VietMode RS-26,Outdoor,Premium
1590,VietMode RS-28,Outdoor,Premium
1592,VietMode RS-30,Outdoor,Premium
1595,VietMode RS-33,Outdoor,Premium
1596,VietMode RS-34,Outdoor,Premium
1597,VietMode RS-35,Outdoor,Premium
1601,VietMode RS-39,Outdoor,Premium
1602,VietMode RS-40,Outdoor,Premium
1603,VietMode RS-41,Outdoor,Premium
1605,VietMode RS-43,Outdoor,Premium
1607,VietMode RS-45,Outdoor,Premium
1608,VietMode RS-46,Outdoor,Premium
1612,VietMode RS-50,Outdoor,Premium
1615,VietMode RS-53,Outdoor,Premium
1617,VietMode RS-55,Outdoor,Premium
1625,VietMode RS-63,Outdoor,Premium
1629,VietMode RS-67,Outdoor,Premium
1630,VietMode RS-68,Outdoor,Premium
1634,VietMode RS-72,Outdoor,Premium
1640,VietMode RS-78,Outdoor,Premium
1645,VietMode RS-83,Outdoor,Premium
1646,VietMode RS-84,Outdoor,Premium
1650,VietMode RS-88,Outdoor,Premium
1651,VietMode RS-89,Outdoor,Premium
1653,VietMode RS-91,Outdoor,Premium
1657,VietMode RS-95,Outdoor,Premium
1662,VietMode RS-00,Outdoor,Premium
1666,VietMode RS-04,Outdoor,Premium
1667,VietMode RS-05,Outdoor,Premium
1668,VietMode UR-01,Streetwear,Standard
1669,VietMode UR-02,Streetwear,Standard
1670,VietMode UR-03,Streetwear,Standard
1671,VietMode UE-01,Streetwear,Performance
1672,VietMode UE-02,Streetwear,Performance
1673,VietMode UE-03,Streetwear,Performance
1674,VietMode UE-04,Streetwear,Performance
1675,VietMode UE-05,Streetwear,Performance
1676,VietMode UE-06,Streetwear,Performance
1678,VietMode UE-08,Streetwear,Performance
1679,VietMode UE-09,Streetwear,Performance
1680,VietMode UE-10,Streetwear,Performance
1681,VietMode UE-11,Streetwear,Performance
1682,VietMode UE-12,Streetwear,Performance
1683,VietMode UE-13,Streetwear,Performance
1684,VietMode UE-14,Streetwear,Performance
1685,VietMode UE-15,Streetwear,Performance
1686,VietMode UE-16,Streetwear,Performance
1687,VietMode UE-17,Streetwear,Performance
1688,NamStyle UE-01,Streetwear,Performance
1689,NamStyle UC-01,Streetwear,Everyday
1690,NamStyle YY-01,GenZ,Trendy
1691,NamStyle YY-02,GenZ,Trendy
1692,NamStyle YY-03,GenZ,Trendy
1693,NamStyle YY-04,GenZ,Trendy
1696,NamStyle YY-07,GenZ,Trendy
1697,NamStyle YY-08,GenZ,Trendy
1698,NamStyle YY-09,GenZ,Trendy
1699,NamStyle YY-10,GenZ,Trendy
1700,NamStyle YY-11,GenZ,Trendy
1701,NamStyle YY-12,GenZ,Trendy
1702,NamStyle YY-13,GenZ,Trendy
1703,NamStyle YY-14,GenZ,Trendy
1705,NamStyle YY-16,GenZ,Trendy
1706,NamStyle YY-17,GenZ,Trendy
1707,NamStyle YY-18,GenZ,Trendy
1710,NamStyle YY-21,GenZ,Trendy
1711,NamStyle YY-22,GenZ,Trendy
1712,NamStyle YY-23,GenZ,Trendy
1713,NamStyle YY-24,GenZ,Trendy
1714,NamStyle YY-25,GenZ,Trendy
1715,NamStyle YY-26,GenZ,Trendy
1716,NamStyle YY-27,GenZ,Trendy
1717,NamStyle YY-28,GenZ,Trendy
1720,NamStyle YY-31,GenZ,Trendy
1722,NamStyle YY-33,GenZ,Trendy
1725,NamStyle YY-36,GenZ,Trendy
1726,SaigonCore MA-01,Casual,All-weather
1727,SaigonCore MA-02,Casual,All-weather
1728,SaigonCore MA-03,Casual,All-weather
1729,SaigonCore MA-04,Casual,All-weather
1730,SaigonCore MA-05,Casual,All-weather
1731,SaigonCore MA-06,Casual,All-weather
1732,SaigonCore RP-01,Outdoor,Activewear
1733,SaigonCore RP-02,Outdoor,Activewear
1734,SaigonCore RP-03,Outdoor,Activewear
1735,SaigonCore RP-04,Outdoor,Activewear
1740,SaigonCore RP-09,Outdoor,Activewear
1741,SaigonCore RP-10,Outdoor,Activewear
1742,SaigonCore RP-11,Outdoor,Activewear
1743,SaigonCore RP-12,Outdoor,Activewear
1744,SaigonCore RP-13,Outdoor,Activewear
1745,SaigonCore RP-14,Outdoor,Activewear
1749,SaigonCore UM-01,Streetwear,Balanced
1750,SaigonCore UM-02,Streetwear,Balanced
1751,SaigonCore UM-03,Streetwear,Balanced
1752,SaigonCore UM-04,Streetwear,Balanced
1755,SaigonCore UR-01,Streetwear,Standard
1756,SaigonCore UR-02,Streetwear,Standard
1757,SaigonCore UR-03,Streetwear,Standard
1759,SaigonCore UR-05,Streetwear,Standard
1760,SaigonCore UR-06,Streetwear,Standard
1762,SaigonCore UR-08,Streetwear,Standard
1763,SaigonCore UR-09,Streetwear,Standard
1764,SaigonCore UR-10,Streetwear,Standard
1765,SaigonCore UR-11,Streetwear,Standard
1766,SaigonCore UE-01,Streetwear,Performance
1767,SaigonCore UE-02,Streetwear,Performance
1768,SaigonCore UE-03,Streetwear,Performance
1769,SaigonCore UE-04,Streetwear,Performance
1770,SaigonCore UE-05,Streetwear,Performance
1771,SaigonCore UE-06,Streetwear,Performance
1772,SaigonCore UE-07,Streetwear,Performance
1773,SaigonCore UE-08,Streetwear,Performance
1774,SaigonCore UE-09,Streetwear,Performance
1775,SaigonCore UE-10,Streetwear,Performance
1776,SaigonCore UE-11,Streetwear,Performance
1777,SaigonCore UE-12,Streetwear,Performance
1778,SaigonCore UE-13,Streetwear,Performance
1779,SaigonCore UE-14,Streetwear,Performance
1780,SaigonCore UE-15,Streetwear,Performance
1781,SaigonCore UE-16,Streetwear,Performance
1782,SaigonCore UE-17,Streetwear,Performance
1783,SaigonCore UE-18,Streetwear,Performance
1784,SaigonCore UE-19,Streetwear,Performance
1785,SaigonCore UE-20,Streetwear,Performance
1786,SaigonCore UE-21,Streetwear,Performance
1787,SaigonCore UE-22,Streetwear,Performance
1788,SaigonCore UE-23,Streetwear,Performance
1789,SaigonCore UE-24,Streetwear,Performance
1790,SaigonCore UE-25,Streetwear,Performance
1792,SaigonCore UE-27,Streetwear,Performance
1793,SaigonCore UE-28,Streetwear,Performance
1795,SaigonCore UC-01,Streetwear,Everyday
1796,SaigonCore UC-02,Streetwear,Everyday
1797,SaigonCore UC-03,Streetwear,Everyday
1798,SaigonCore UC-04,Streetwear,Everyday
1800,SaigonCore UC-06,Streetwear,Everyday
1801,SaigonCore UC-07,Streetwear,Everyday
1802,SaigonCore UC-08,Streetwear,Everyday
1803,SaigonCore UC-09,Streetwear,Everyday
1804,SaigonCore UC-10,Streetwear,Everyday
1805,SaigonCore UC-11,Streetwear,Everyday
1807,SaigonCore YY-02,GenZ,Trendy
1808,SaigonCore YY-03,GenZ,Trendy
1809,SaigonCore YY-04,GenZ,Trendy
1810,SaigonCore YY-05,GenZ,Trendy
1811,SaigonCore YY-06,GenZ,Trendy
1812,SaigonCore YY-07,GenZ,Trendy
1813,SaigonCore YY-08,GenZ,Trendy
1815,SaigonCore YY-10,GenZ,Trendy
1816,SaigonCore YY-11,GenZ,Trendy
1817,SaigonCore YY-12,GenZ,Trendy
1818,SaigonCore YY-13,GenZ,Trendy
1819,SaigonCore YY-14,GenZ,Trendy
1820,SaigonCore YY-15,GenZ,Trendy
1821,SaigonCore YY-16,GenZ,Trendy
1822,SaigonCore YY-17,GenZ,Trendy
1823,SaigonCore YY-18,GenZ,Trendy
1825,SaigonCore YY-20,GenZ,Trendy
1826,SaigonCore YY-21,GenZ,Trendy
1827,SaigonCore YY-22,GenZ,Trendy
1828,SaigonCore YY-23,GenZ,Trendy
1829,SaigonCore YY-24,GenZ,Trendy
1830,SaigonCore YY-25,GenZ,Trendy
1831,SaigonCore YY-26,GenZ,Trendy
1832,SaigonCore YY-27,GenZ,Trendy
1833,SaigonCore YY-28,GenZ,Trendy
1836,SaigonCore YY-31,GenZ,Trendy
1837,SaigonCore YY-32,GenZ,Trendy
1838,SaigonCore YY-33,GenZ,Trendy
1839,SaigonCore YY-34,GenZ,Trendy
1840,SaigonCore YY-35,GenZ,Trendy
1841,SaigonCore YY-36,GenZ,Trendy
1842,SaigonCore YY-37,GenZ,Trendy
1843,SaigonCore YY-38,GenZ,Trendy
1844,SaigonCore YY-39,GenZ,Trendy
1845,SaigonCore YY-40,GenZ,Trendy
1846,SaigonCore YY-41,GenZ,Trendy
1847,SaigonCore YY-42,GenZ,Trendy
1848,SaigonCore YY-43,GenZ,Trendy
1849,SaigonCore YY-44,GenZ,Trendy
1850,SaigonCore YY-45,GenZ,Trendy
1851,SaigonCore YY-46,GenZ,Trendy
1852,SaigonCore YY-47,GenZ,Trendy
1853,SaigonCore YY-48,GenZ,Trendy
1855,SaigonCore YY-50,GenZ,Trendy
1856,SaigonCore YY-51,GenZ,Trendy
1857,SaigonCore YY-52,GenZ,Trendy
1858,SaigonCore YY-53,GenZ,Trendy
1859,SaigonCore YY-54,GenZ,Trendy
1860,SaigonCore YY-55,GenZ,Trendy
1861,SaigonCore YY-56,GenZ,Trendy
1862,SaigonCore YY-57,GenZ,Trendy
1863,BambooCraft UM-01,Streetwear,Balanced
1864,BambooCraft UM-02,Streetwear,Balanced
1866,BambooCraft UM-04,Streetwear,Balanced
1868,BambooCraft UM-06,Streetwear,Balanced
1869,BambooCraft UM-07,Streetwear,Balanced
1870,BambooCraft UM-08,Streetwear,Balanced
1871,BambooCraft UM-09,Streetwear,Balanced
1872,BambooCraft UM-10,Streetwear,Balanced
1873,BambooCraft UM-11,Streetwear,Balanced
1875,BambooCraft UM-13,Streetwear,Balanced
1876,BambooCraft UM-14,Streetwear,Balanced
1878,BambooCraft UM-16,Streetwear,Balanced
1879,BambooCraft UM-17,Streetwear,Balanced
1880,BambooCraft UM-18,Streetwear,Balanced
1881,BambooCraft UM-19,Streetwear,Balanced
1883,BambooCraft UC-02,Streetwear,Everyday
1884,BambooCraft UC-03,Streetwear,Everyday
1885,BambooCraft UC-04,Streetwear,Everyday
1886,BambooCraft UC-05,Streetwear,Everyday
1888,BambooCraft UC-07,Streetwear,Everyday
1889,BambooCraft UC-08,Streetwear,Everyday
1891,BambooCraft UC-10,Streetwear,Everyday
1892,BambooCraft UC-11,Streetwear,Everyday
1893,BambooCraft UC-12,Streetwear,Everyday
1894,BambooCraft UC-13,Streetwear,Everyday
1895,BambooCraft UC-14,Streetwear,Everyday
1896,BambooCraft UC-15,Streetwear,Everyday
1897,BambooCraft UC-16,Streetwear,Everyday
1898,BambooCraft UC-17,Streetwear,Everyday
1899,BambooCraft UC-18,Streetwear,Everyday
1901,BambooCraft UC-20,Streetwear,Everyday
1902,BambooCraft UC-21,Streetwear,Everyday
1903,BambooCraft UC-22,Streetwear,Everyday
1905,BambooCraft UC-24,Streetwear,Everyday
1906,BambooCraft UC-25,Streetwear,Everyday
1907,BambooCraft UC-26,Streetwear,Everyday
1908,UrbanVN MA-01,Casual,All-weather
1909,UrbanVN MA-02,Casual,All-weather
1912,UrbanVN MA-05,Casual,All-weather
1915,UrbanVN MA-08,Casual,All-weather
1916,UrbanVN MA-09,Casual,All-weather
1920,UrbanVN MA-13,Casual,All-weather
1924,UrbanVN MA-17,Casual,All-weather
1926,UrbanVN RP-01,Outdoor,Activewear
1927,UrbanVN RP-02,Outdoor,Activewear
1932,UrbanVN RP-07,Outdoor,Activewear
1933,UrbanVN RP-08,Outdoor,Activewear
1934,UrbanVN RP-09,Outdoor,Activewear
1935,UrbanVN RP-10,Outdoor,Activewear
1936,UrbanVN RP-11,Outdoor,Activewear
1937,UrbanVN RP-12,Outdoor,Activewear
1938,UrbanVN RP-13,Outdoor,Activewear
1939,UrbanVN RP-14,Outdoor,Activewear
1940,UrbanVN RP-15,Outdoor,Activewear
1941,UrbanVN RP-16,Outdoor,Activewear
1942,UrbanVN RP-17,Outdoor,Activewear
1943,UrbanVN RP-18,Outdoor,Activewear
1946,UrbanVN RP-21,Outdoor,Activewear
1947,UrbanVN RP-22,Outdoor,Activewear
1948,UrbanVN RP-23,Outdoor,Activewear
1949,UrbanVN RP-24,Outdoor,Activewear
1950,UrbanVN RP-25,Outdoor,Activewear
1951,UrbanVN RP-26,Outdoor,Activewear
1958,UrbanVN RP-33,Outdoor,Activewear
1959,UrbanVN RP-34,Outdoor,Activewear
1960,UrbanVN RP-35,Outdoor,Activewear
1961,UrbanVN RP-36,Outdoor,Activewear
1962,UrbanVN RP-37,Outdoor,Activewear
1963,UrbanVN RP-38,Outdoor,Activewear
1964,UrbanVN RP-39,Outdoor,Activewear
1965,UrbanVN RP-40,Outdoor,Activewear
1966,UrbanVN RP-41,Outdoor,Activewear
1967,UrbanVN RP-42,Outdoor,Activewear
1968,UrbanVN RP-43,Outdoor,Activewear
1969,UrbanVN RP-44,Outdoor,Activewear
1974,UrbanVN RP-49,Outdoor,Activewear
1975,UrbanVN RP-50,Outdoor,Activewear
1978,UrbanVN RP-53,Outdoor,Activewear
1979,UrbanVN RP-54,Outdoor,Activewear
1980,UrbanVN RP-55,Outdoor,Activewear
1981,UrbanVN RP-56,Outdoor,Activewear
1982,UrbanVN RS-01,Outdoor,Premium
1983,UrbanVN RS-02,Outdoor,Premium
1984,UrbanVN RS-03,Outdoor,Premium
1985,UrbanVN RS-04,Outdoor,Premium
1986,UrbanVN RS-05,Outdoor,Premium
1987,UrbanVN RS-06,Outdoor,Premium
1989,UrbanVN RS-08,Outdoor,Premium
1990,UrbanVN RS-09,Outdoor,Premium
1991,UrbanVN RS-10,Outdoor,Premium
1993,UrbanVN RS-12,Outdoor,Premium
1994,UrbanVN UM-01,Streetwear,Balanced
1995,UrbanVN UM-02,Streetwear,Balanced
1997,UrbanVN UM-04,Streetwear,Balanced
1999,UrbanVN UR-02,Streetwear,Standard
2004,UrbanVN UR-07,Streetwear,Standard
2005,UrbanVN UR-08,Streetwear,Standard
2012,UrbanVN UR-15,Streetwear,Standard
2015,UrbanVN UR-18,Streetwear,Standard
2016,UrbanVN UR-19,Streetwear,Standard
2022,UrbanVN UR-25,Streetwear,Standard
2026,UrbanVN UR-29,Streetwear,Standard
2028,UrbanVN UR-31,Streetwear,Standard
2034,UrbanVN UR-37,Streetwear,Standard
2036,UrbanVN UR-39,Streetwear,Standard
2039,UrbanVN UR-42,Streetwear,Standard
2042,UrbanVN UE-02,Streetwear,Performance
2044,UrbanVN UE-04,Streetwear,Performance
2045,UrbanVN UE-05,Streetwear,Performance
2046,UrbanVN UE-06,Streetwear,Performance
2047,UrbanVN UE-07,Streetwear,Performance
2049,UrbanVN UE-09,Streetwear,Performance
2050,UrbanVN UE-10,Streetwear,Performance
2051,UrbanVN UE-11,Streetwear,Performance
2053,UrbanVN UE-13,Streetwear,Performance
2054,UrbanVN UE-14,Streetwear,Performance
2055,UrbanVN UE-15,Streetwear,Performance
2056,UrbanVN UE-16,Streetwear,Performance
2057,UrbanVN UE-17,Streetwear,Performance
2058,UrbanVN UE-18,Streetwear,Performance
2060,UrbanVN UE-20,Streetwear,Performance
2061,UrbanVN UE-21,Streetwear,Performance
2064,UrbanVN UE-24,Streetwear,Performance
2066,UrbanVN UC-01,Streetwear,Everyday
2067,UrbanVN UC-02,Streetwear,Everyday
2069,UrbanVN UC-04,Streetwear,Everyday
2070,UrbanVN UC-05,Streetwear,Everyday
2071,UrbanVN UC-06,Streetwear,Everyday
2073,UrbanVN UC-08,Streetwear,Everyday
2074,UrbanVN UC-09,Streetwear,Everyday
2076,UrbanVN UC-11,Streetwear,Everyday
2077,UrbanVN UC-12,Streetwear,Everyday
2078,UrbanVN UC-13,Streetwear,Everyday
2079,UrbanVN UC-14,Streetwear,Everyday
2080,UrbanVN UC-15,Streetwear,Everyday
2081,UrbanVN UC-16,Streetwear,Everyday
2082,UrbanVN UC-17,Streetwear,Everyday
2083,UrbanVN UC-18,Streetwear,Everyday
2084,UrbanVN UC-19,Streetwear,Everyday
2085,UrbanVN UC-20,Streetwear,Everyday
2086,UrbanVN UC-21,Streetwear,Everyday
2087,UrbanVN UC-22,Streetwear,Everyday
2090,UrbanVN UC-25,Streetwear,Everyday
2091,UrbanVN UC-26,Streetwear,Everyday
2092,UrbanVN UC-27,Streetwear,Everyday
2093,UrbanVN UC-28,Streetwear,Everyday
2094,UrbanVN UC-29,Streetwear,Everyday
2097,UrbanVN YY-01,GenZ,Trendy
2098,UrbanVN YY-02,GenZ,Trendy
2099,UrbanVN YY-03,GenZ,Trendy
2100,UrbanVN YY-04,GenZ,Trendy
2102,PhoenixWear MA-01,Casual,All-weather
2103,PhoenixWear MA-02,Casual,All-weather
2104,PhoenixWear MA-03,Casual,All-weather
2105,PhoenixWear MA-04,Casual,All-weather
2106,PhoenixWear MA-05,Casual,All-weather
2111,PhoenixWear UM-02,Streetwear,Balanced
2112,PhoenixWear UM-03,Streetwear,Balanced
2115,PhoenixWear UM-06,Streetwear,Balanced
2116,PhoenixWear UM-07,Streetwear,Balanced
2117,PhoenixWear UM-08,Streetwear,Balanced
2119,PhoenixWear UM-10,Streetwear,Balanced
2120,PhoenixWear UM-11,Streetwear,Balanced
2121,PhoenixWear UM-12,Streetwear,Balanced
2123,PhoenixWear UM-14,Streetwear,Balanced
2124,PhoenixWear UM-15,Streetwear,Balanced
2126,PhoenixWear UR-02,Streetwear,Standard
2127,PhoenixWear UR-03,Streetwear,Standard
2128,PhoenixWear UR-04,Streetwear,Standard
2131,PhoenixWear UR-07,Streetwear,Standard
2132,PhoenixWear UR-08,Streetwear,Standard
2133,PhoenixWear UR-09,Streetwear,Standard
2134,PhoenixWear UR-10,Streetwear,Standard
2136,PhoenixWear UR-12,Streetwear,Standard
2137,PhoenixWear UR-13,Streetwear,Standard
2138,PhoenixWear UR-14,Streetwear,Standard
2140,PhoenixWear UR-16,Streetwear,Standard
2141,PhoenixWear UR-17,Streetwear,Standard
2142,PhoenixWear UR-18,Streetwear,Standard
2143,PhoenixWear UR-19,Streetwear,Standard
2144,PhoenixWear UR-20,Streetwear,Standard
2145,PhoenixWear UR-21,Streetwear,Standard
2146,PhoenixWear UR-22,Streetwear,Standard
2147,PhoenixWear UR-23,Streetwear,Standard
2148,PhoenixWear UE-01,Streetwear,Performance
2149,PhoenixWear UE-02,Streetwear,Performance
2150,PhoenixWear UE-03,Streetwear,Performance
2151,PhoenixWear UE-04,Streetwear,Performance
2153,PhoenixWear UE-06,Streetwear,Performance
2154,PhoenixWear UE-07,Streetwear,Performance
2155,PhoenixWear UE-08,Streetwear,Performance
2157,PhoenixWear UE-10,Streetwear,Performance
2159,PhoenixWear UE-12,Streetwear,Performance
2161,PhoenixWear UE-14,Streetwear,Performance
2164,PhoenixWear UE-17,Streetwear,Performance
2165,PhoenixWear UE-18,Streetwear,Performance
2166,PhoenixWear UE-19,Streetwear,Performance
2167,PhoenixWear UE-20,Streetwear,Performance
2168,PhoenixWear UE-21,Streetwear,Performance
2169,PhoenixWear UE-22,Streetwear,Performance
2171,PhoenixWear UC-01,Streetwear,Everyday
2173,PhoenixWear UC-03,Streetwear,Everyday
2174,PhoenixWear UC-04,Streetwear,Everyday
2175,PhoenixWear UC-05,Streetwear,Everyday
2176,PhoenixWear UC-06,Streetwear,Everyday
2177,PhoenixWear UC-07,Streetwear,Everyday
2178,PhoenixWear UC-08,Streetwear,Everyday
2179,PhoenixWear UC-09,Streetwear,Everyday
2180,PhoenixWear UC-10,Streetwear,Everyday
2183,PhoenixWear UC-13,Streetwear,Everyday
2184,PhoenixWear UC-14,Streetwear,Everyday
2185,PhoenixWear UC-15,Streetwear,Everyday
2186,PhoenixWear UC-16,Streetwear,Everyday
2189,VietMotion MA-03,Casual,All-weather
2192,VietMotion MA-06,Casual,All-weather
2193,VietMotion MA-07,Casual,All-weather
2197,VietMotion MA-11,Casual,All-weather
2199,VietMotion MA-13,Casual,All-weather
2202,VietMotion MA-16,Casual,All-weather
2204,VietMotion RP-01,Outdoor,Activewear
2205,VietMotion RP-02,Outdoor,Activewear
2206,VietMotion RP-03,Outdoor,Activewear
2207,VietMotion RP-04,Outdoor,Activewear
2210,VietMotion RP-07,Outdoor,Activewear
2211,VietMotion RP-08,Outdoor,Activewear
2212,VietMotion RP-09,Outdoor,Activewear
2213,VietMotion RP-10,Outdoor,Activewear
2214,VietMotion RP-11,Outdoor,Activewear
2215,VietMotion RP-12,Outdoor,Activewear
2218,VietMotion RP-15,Outdoor,Activewear
2219,VietMotion RP-16,Outdoor,Activewear
2222,VietMotion RP-19,Outdoor,Activewear
2223,VietMotion RP-20,Outdoor,Activewear
2224,VietMotion RP-21,Outdoor,Activewear
2225,VietMotion RP-22,Outdoor,Activewear
2226,VietMotion RP-23,Outdoor,Activewear
2227,VietMotion RP-24,Outdoor,Activewear
2234,VietMotion RP-31,Outdoor,Activewear
2235,VietMotion RP-32,Outdoor,Activewear
2236,VietMotion RP-33,Outdoor,Activewear
2237,VietMotion RP-34,Outdoor,Activewear
2238,VietMotion RP-35,Outdoor,Activewear
2239,VietMotion RP-36,Outdoor,Activewear
2240,VietMotion RP-37,Outdoor,Activewear
2241,VietMotion RP-38,Outdoor,Activewear
2246,VietMotion RP-43,Outdoor,Activewear
2247,VietMotion RP-44,Outdoor,Activewear
2250,VietMotion RP-47,Outdoor,Activewear
2251,VietMotion RP-48,Outdoor,Activewear
2252,VietMotion RP-49,Outdoor,Activewear
2253,VietMotion RP-50,Outdoor,Activewear
2254,VietMotion RP-51,Outdoor,Activewear
2255,VietMotion RP-52,Outdoor,Activewear
2262,VietMotion RP-59,Outdoor,Activewear
2263,VietMotion RP-60,Outdoor,Activewear
2269,VietMotion RS-02,Outdoor,Premium
2270,VietMotion RS-03,Outdoor,Premium
2275,VietMotion RS-08,Outdoor,Premium
2277,VietMotion RS-10,Outdoor,Premium
2279,VietMotion RS-12,Outdoor,Premium
2280,VietMotion RS-13,Outdoor,Premium
2284,VietMotion RS-17,Outdoor,Premium
2286,VietMotion UM-01,Streetwear,Balanced
2287,VietMotion UM-02,Streetwear,Balanced
2289,VietMotion UM-04,Streetwear,Balanced
2290,VietMotion UM-05,Streetwear,Balanced
2291,VietMotion UM-06,Streetwear,Balanced
2293,VietMotion UM-08,Streetwear,Balanced
2295,VietMotion UM-10,Streetwear,Balanced
2307,VietMotion UR-10,Streetwear,Standard
2325,VietMotion UR-28,Streetwear,Standard
2327,VietMotion UE-01,Streetwear,Performance
2328,VietMotion UE-02,Streetwear,Performance
2330,VietMotion UE-04,Streetwear,Performance
2331,VietMotion UE-05,Streetwear,Performance
2332,VietMotion UE-06,Streetwear,Performance
2334,VietMotion UE-08,Streetwear,Performance
2336,VietMotion UE-10,Streetwear,Performance
2340,VietMotion UE-14,Streetwear,Performance
2341,VietMotion UE-15,Streetwear,Performance
2343,VietMotion UE-17,Streetwear,Performance
2345,VietMotion UE-19,Streetwear,Performance
2348,VietMotion UE-22,Streetwear,Performance
2350,VietMotion UE-24,Streetwear,Performance
2352,VietMotion UE-26,Streetwear,Performance
2353,VietMotion UC-01,Streetwear,Everyday
2354,VietMotion UC-02,Streetwear,Everyday
2355,VietMotion UC-03,Streetwear,Everyday
2356,VietMotion UC-04,Streetwear,Everyday
2359,VietMotion UC-07,Streetwear,Everyday
2360,VietMotion UC-08,Streetwear,Everyday
2361,VietMotion UC-09,Streetwear,Everyday
2363,VietMotion UC-11,Streetwear,Everyday
2365,VietMotion UC-13,Streetwear,Everyday
2367,VietMotion UC-15,Streetwear,Everyday
2368,VietMotion UC-16,Streetwear,Everyday
2369,VietMotion UC-17,Streetwear,Everyday
2370,VietMotion UC-18,Streetwear,Everyday
2371,VietMotion UC-19,Streetwear,Everyday
2372,VietMotion UC-20,Streetwear,Everyday
2373,VietMotion UC-21,Streetwear,Everyday
2374,VietMotion UC-22,Streetwear,Everyday
2375,VietMotion UC-23,Streetwear,Everyday
2376,VietMotion UC-24,Streetwear,Everyday
2377,VietMotion UC-25,Streetwear,Everyday
2378,VietMotion UC-26,Streetwear,Everyday
2379,VietMotion UC-27,Streetwear,Everyday
2380,VietMotion UC-28,Streetwear,Everyday
2381,VietMotion UC-29,Streetwear,Everyday
2384,VietMotion UC-32,Streetwear,Everyday
2385,VietMotion UC-33,Streetwear,Everyday
2387,VietMotion UC-35,Streetwear,Everyday
2388,VietMotion UC-36,Streetwear,Everyday
2389,VietMotion UC-37,Streetwear,Everyday
2391,VietMotion UC-39,Streetwear,Everyday
2393,VietMotion YY-02,GenZ,Trendy
2394,VietMotion YY-03,GenZ,Trendy
2395,VietMotion YY-04,GenZ,Trendy
2396,VietMotion YY-05,GenZ,Trendy
2400,VietMotion YY-09,GenZ,Trendy
2401,VietMotion YY-10,GenZ,Trendy
2402,VietMotion YY-11,GenZ,Trendy
2403,VietMotion YY-12,GenZ,Trendy
2404,VietMotion YY-13,GenZ,Trendy
2405,VietMotion YY-14,GenZ,Trendy
2406,VietMotion YY-15,GenZ,Trendy
2407,VietMotion YY-16,GenZ,Trendy
2410,VietMotion YY-19,GenZ,Trendy
2412,VietMotion YY-21,GenZ,Trendy
