product_id,product_name,category_id,segment_id,size,color,price,cogs
1,BambooCraft UC-21,5,4,L,orange,19529.37,16287.49458
2,MekongFit UC-07,5,4,M,purple,4409.37,3289.39002
3,SaigonFlex UC-59,5,4,L,white,42.90873487037344,24.500482522900096
4,HanoiStreet UM-36,5,3,S,orange,9109.170000000002,8653.711500000001
5,SaigonFlex UC-97,5,4,S,orange,4844.7,2618.07588
6,SaigonFlex UM-13,5,3,S,pink,16386.067674418606,15566.764290697674
7,VietMotion UC-07,5,4,XL,yellow,5399.825901259964,3136.7588660419133
8,VietMode RS-03,4,6,M,purple,3747.24,2006.272296
9,VietMode RS-10,4,6,S,orange,3873.24,2666.338416
10,MekongFit RS-06,4,6,L,pink,4700.352035928144,4323.853837850299
11,DragonWear RS-04,4,6,XL,black,4787.37,4096.552509
12,HanoiStreet UR-05,5,7,XL,yellow,24.11880205611212,15.539097236098918
13,SaigonCore UE-28,5,5,M,blue,6713.7,3936.91368
14,MekongFit UR-02,5,7,M,purple,4040.82,3302.966268
15,VietMode RP-53,4,1,M,black,4524.5025,2532.36404925
16,HanoiStreet YY-10,2,8,M,yellow,1383.875492256637,862.569594323562
17,HanoiStreet RP-19,4,1,XL,black,1763.37,1675.2015
18,SaigonCore YY-55,2,8,S,red,2319.87,1394.473857
19,UrbanVN RP-19,4,1,S,white,36.38824646707872,20.031511281271698
20,PhoenixWear UE-15,5,5,L,orange,48.7867127569287,29.53634431880544
21,VietMode RP-37,4,1,M,purple,70.30267143482627,44.84266837480951
22,SaigonFlex UE-09,5,5,M,black,6740.37,5806.828755
23,HanoiStreet UC-56,5,4,M,blue,4262.353834196891,3732.117017222798
24,MekongFit UM-01,5,3,S,white,8199.463653250774,7789.490470588234
25,VietMode RP-17,4,1,M,purple,3680.236655518395,2233.535626234114
26,VietMotion UR-09,5,7,L,green,34.42552813113916,21.05784397046665
27,SaigonCore YY-22,2,8,XL,silver,3026.8699999999994,1800.684963
28,DragonWear UR-23,5,7,S,orange,27.271837623888736,15.966630483240037
29,UrbanVN UM-01,5,3,L,white,7359.568083067093,5306.248587891373
30,DragonWear MA-07,1,2,XL,silver,5306.9975,3533.92963525
31,MekongFit UR-03,5,7,L,green,63.622330777404414,35.57434251064229
32,DragonWear UE-02,5,5,L,white,8386.030434782608,7570.06967347826
33,MekongFit UC-23,5,4,M,black,9335.13,8663.00064
34,PhoenixWear UE-03,5,5,L,red,5932.945301204819,4969.434984289157
35,VietMode MA-44,1,2,S,pink,9126.562048192773,6083.7662613253015
36,VietMode RS-17,4,6,XL,yellow,63.52580607525507,35.497372359908915
37,VietMode MA-35,1,2,XL,yellow,6504.159827586207,6178.951836206897
38,VietMode RS-73,4,6,XL,purple,42.33722319297336,25.51411545067808
39,BambooCraft UC-23,5,4,S,white,8222.527894736842,5716.301392421053
40,UrbanVN RP-24,4,1,M,yellow,3728.773125,2876.7484659375
41,MekongFit RP-54,4,1,S,pink,1920.87,1074.1505039999995
42,HanoiStreet UR-04,5,7,L,pink,46.570781307914125,26.69284293338884
43,NamStyle YY-23,2,8,S,orange,3086.37,2034.843741
44,HanoiStreet UC-09,5,4,L,green,8360.990689655173,4980.642153827586
45,LotusWear UE-98,5,5,M,silver,17.80954638992059,10.390523722361548
46,VietMode RP-34,4,1,L,orange,5598.43156996587,3566.2009100682594
47,VietMotion MA-16,1,2,L,orange,3857.993548387097,3393.105325806452
48,DragonWear UR-15,5,7,S,white,5789.7,5500.214999999999
49,UrbanVN UC-05,5,4,L,red,6299.110953947368,5095.98076174342
50,MekongFit UR-06,5,7,M,yellow,440.37,418.3515
51,VietMode MP-15,1,1,XL,silver,5983.74,5684.553
52,VietMode RS-23,4,6,M,purple,5039.37,4674.519612
53,UrbanVN UC-17,5,4,L,orange,4066.0944094488186,3089.418532299212
54,DragonWear UM-25,5,3,L,pink,52.6379968011183,33.92023749086405
55,VietMode RP-50,4,1,L,pink,4912.74,4573.269666
56,VietMode RP-37,4,1,M,purple,4695.103636363637,2763.5380003636365
57,DragonWear UM-09,5,3,L,orange,36.33936099929246,22.64750699760115
58,VietMode RP-25,4,1,M,blue,4346.329468531469,4129.012995104895
59,LotusWear UE-05,5,5,S,white,31.046488659482907,18.375704197914345
60,HanoiStreet YY-12,2,8,XL,black,3527.37,2848.351275
61,HanoiStreet UE-01,5,5,S,orange,20.522407754185355,12.127535551360282
62,MekongFit UE-18,5,5,L,orange,2220.567622820919,2109.539241679873
63,HanoiStreet MA-09,1,2,L,orange,3720.711891891892,3306.5966583243244
64,PhoenixWear UM-12,5,3,M,black,7559.25,6029.257799999999
65,VietMode RP-20,4,1,S,pink,36.21790499641724,22.753484061249328
66,UrbanVN RP-50,4,1,XL,purple,692.3085964912281,657.6931666666666
67,VietMotion UE-12,5,5,L,pink,18.441324087824835,10.163006012294185
68,VietMotion UE-23,5,5,M,yellow,27.987049096151683,17.254118409010175
69,DragonWear UM-20,5,3,M,blue,12532.031818181818,7611.956126363636
70,DragonWear UM-06,5,3,XL,yellow,36.605450135907525,20.8106849942608
71,HanoiStreet RS-08,4,6,S,white,1932.16809976247,1751.3171656247032
72,VietMode RP-67,4,1,XL,purple,33.86188226912265,21.32558243305248
73,HanoiStreet RP-60,4,1,S,orange,-150,1835.397459
74,SaigonCore UE-19,5,5,S,white,7238.7,5703.37173
75,SaigonFlex UC-95,5,4,L,red,6176.85,3866.090415
76,VietMode MP-08,1,1,S,red,5669.37,5385.9015
77,DragonWear UM-35,5,3,S,pink,11844.0,9063.0288
78,MekongFit RP-39,4,1,M,blue,711.0279925650557,525.0230697100371
79,MekongFit MA-10,1,2,S,orange,2991.8146397188048,2762.641638316344
80,VietMode RP-34,4,1,L,orange,4865.717011173184,4293.995262360335
81,HanoiStreet RS-17,4,6,M,blue,3464.37,3291.1515
82,VietMode RP-43,4,1,XL,black,5038.74,4786.803
83,VietMotion YY-10,2,8,M,black,2015.37,1140.9009569999998
84,HanoiStreet RP-51,4,1,XL,blue,3884.3831348511385,2371.8043421401053
85,PhoenixWear UM-02,5,3,XL,black,6929.37,5689.01277
86,HanoiStreet UE-03,5,5,L,white,45.83327377383366,27.7385135332147
87,SaigonCore YY-38,2,8,XL,blue,1704.7910526315789,1064.982970578947
88,VietMode RS-16,4,6,L,pink,34.111613977984184,20.52738566099601
89,HanoiStreet RP-79,4,1,XL,black,811.8865136951651,584.9642331173665
90,MekongStyle UC-14,5,4,L,orange,14486.85,11301.191685
91,HanoiStreet MA-16,1,2,M,yellow,40.76152434416071,24.15601834190016
92,DragonWear UM-38,5,3,XL,black,9513.0,9037.35
93,LotusWear UE-37,5,5,S,green,32.658830942362144,20.310676884020182
94,UrbanVN UE-03,5,5,XL,blue,9308.546470588237,5375.685586764706
95,HanoiStreet UC-27,5,4,S,white,3906.510139211137,2223.9762222529
96,DragonWear RP-21,4,1,L,green,5043.402,4791.2319
97,MekongFit UE-04,5,5,S,pink,4290.57664206642,4000.104603398525
98,PhoenixWear UC-04,5,4,L,white,5039.37,2880.503892
99,BambooCraft UM-03,5,3,M,purple,23.25353179177501,13.33115554071414
100,BambooCraft UM-17,5,3,XL,yellow,12504.491621621622,11879.26704054054
101,UrbanVN UR-27,5,7,S,white,37.44674567601375,23.06139796104344
102,UrbanVN RS-12,4,6,M,blue,1448.37,800.514099
103,UrbanVN MA-05,1,2,S,orange,3973.690133587786,2680.6513641183205
104,HanoiStreet RP-66,4,1,L,pink,1477.4889495225102,1174.308217080491
105,VietMode RP-56,4,1,S,white,3275.37,2097.8744850000003
106,HanoiStreet UM-22,5,3,L,pink,10919.37,10373.4015
107,SaigonFlex UC-22,5,4,M,silver,10090.442604501608,7554.714377990354
108,MekongFit UC-27,5,4,M,purple,2511.495,2353.773114
109,MekongStyle UC-08,5,4,S,green,69.47113022348645,42.87683645159384
110,VietMode RS-45,4,6,XL,silver,5235.2741095890415,4973.510404109589
111,SaigonFlex UC-83,5,4,L,pink,14262.4125,13549.291875
112,HanoiStreet UM-35,5,3,XL,black,35.49075962480593,22.664320123200994
113,VietMode RP-39,4,1,XL,silver,3892.450866141732,3697.828322834645
114,HanoiStreet UE-31,5,5,L,orange,5687.85,2991.240315
115,SaigonCore YY-16,2,8,M,black,3791.745,3602.15775
116,SaigonFlex UC-15,5,4,L,red,6110.106266552755,5804.600953225117
117,UrbanVN RP-40,4,1,M,purple,1070.37,1016.8515
118,LotusWear UR-18,5,7,L,green,8877.426923076924,4855.952526923077
119,SaigonCore YY-12,2,8,M,silver,2735.535137614679,2598.758380733945
120,VietMotion RP-47,4,1,L,red,1511.37,944.455113
121,VietMotion UE-03,5,5,M,yellow,25.00757458677702,15.383210417633013
122,DragonWear UM-28,5,3,M,black,23.84863713844093,13.21077799792784
123,VietMode RS-14,4,6,S,green,2706.4070121951218,2571.0866615853656
124,VietMode UE-05,5,5,XL,purple,5857.74,4998.409541999999
125,SaigonFlex UM-42,5,3,M,silver,9651.796875,9169.20703125
126,SaigonFlex UC-57,5,4,S,orange,11573.637804878048,7346.945278536587
127,MekongFit UR-01,5,7,S,white,4987.5217241379305,4154.1068440344825
128,VietMode RP-13,4,1,M,black,5164.74,3993.893442
129,MekongFit RP-48,4,1,L,orange,2676.87,2543.0265
130,LotusWear UE-10,5,5,M,yellow,10606.05,10075.7475
131,VietMode RP-84,4,1,S,orange,2068.3202760736194,1296.4231490429447
132,MekongFit UE-16,5,5,S,red,6400.83170678337,3691.359645301969
133,SaigonFlex UM-75,5,3,L,red,12524.873693181818,7330.8085726193185
134,VietMode RP-99,4,1,XL,silver,5076.210588235294,4041.171249294117
135,UrbanVN UC-18,5,4,XL,blue,3872.079591474245,3180.913384396092
136,HanoiStreet UM-12,5,3,S,pink,10146.73689473684,8943.333899021052
137,SaigonFlex UC-07,5,4,L,orange,10862.120949720673,7602.398452709498
138,VietMode RP-52,4,1,S,red,4629.24,4397.777999999999
139,PhoenixWear UE-02,5,5,M,yellow,5228.37,4966.951499999999
140,SaigonFlex UM-88,5,3,XL,blue,19535.011791044777,18558.261201492536
141,LotusWear UE-04,5,5,XL,blue,7286.85,6664.5530100000005
142,VietMotion UR-04,5,7,M,black,33.39484466270076,21.098752735452184
143,VietMode RP-00,4,1,S,pink,1537.08912,1460.2346639999998
144,UrbanVN RP-35,4,1,S,red,1177.47,615.8168099999999
145,VietMode RS-65,4,6,XL,silver,31.66046621817027,18.845317196678888
146,DragonWear UR-38,5,7,XL,silver,24.87537893001365,14.224373227866726
147,VietMotion UC-20,5,4,S,orange,4787.37,2481.772608
148,DragonWear MA-13,1,2,M,blue,5260.299999999999,4066.73793
149,LotusWear UE-18,5,5,M,silver,8483.475,6521.247232500001
150,VietMode UR-03,5,7,L,red,5353.74,4705.93746
151,VietMode RP-11,4,1,XL,yellow,5669.15023255814,4481.46325883721
152,HanoiStreet MA-14,1,2,XL,silver,37.67841650968592,21.754111030359
153,UrbanVN YY-02,2,8,L,pink,3660.198094302554,3166.0713515717093
154,SaigonFlex UC-35,5,4,L,red,10899.88914893617,10354.894691489362
155,NamStyle YY-19,2,8,S,pink,61.5876146969055,36.29046227559733
156,SaigonCore MA-05,1,2,L,red,9553.265217391305,6129.374963478261
157,HanoiStreet YY-09,2,8,S,pink,3261.76588688946,2694.218622570694
158,DragonWear UR-06,5,7,XL,purple,40.67096228171263,24.00372095766753
159,VietMotion RS-07,4,6,L,white,54.332714624212514,33.2334215994955
160,UrbanVN RP-55,4,1,S,red,2026.0782152974505,1593.3079085099146
161,SaigonCore RP-13,4,1,S,white,5217.507931034483,4956.632534482758
162,SaigonCore YY-33,2,8,L,pink,3592.580526315789,3074.171156368421
163,VietMode UE-02,5,5,S,orange,8188.74,4955.825448
164,SaigonFlex UC-18,5,4,M,blue,11516.617241379312,9748.816494827586
165,DragonWear UC-06,5,4,L,white,23.029830867355027,14.651084686631249
166,MekongFit RP-36,4,1,L,red,4610.969999999999,4380.4215
167,VietMode RS-80,4,6,L,orange,18.06404638323212,11.510019389083768
168,SaigonFlex UC-60,5,4,XL,purple,8975.727475247524,5284.908337425743
169,VietMotion UR-16,5,7,M,blue,20.375323878643,12.306665833397906
170,LotusWear UE-75,5,5,L,white,13924.604716981134,13228.374481132076
171,VietMode RP-24,4,1,S,orange,5354.37,5086.6515
172,VietMode RP-77,4,1,M,purple,4230.24,2410.813776
173,SaigonCore YY-51,2,8,S,green,1322.37,1104.311187
174,PhoenixWear UM-14,5,3,XL,blue,7489.429322033899,5615.574105661017
175,UrbanVN UE-11,5,5,XL,black,9008.37,6208.568604000001
176,VietMotion RS-03,4,6,L,red,3778.7642307692304,3589.826019230769
177,LotusWear UR-16,5,7,S,white,7556.85,7036.183035
178,VietMode RS-19,4,6,M,black,16.754167348605755,9.270421085851618
179,SaigonFlex UM-08,5,3,XL,blue,21108.804545454543,18867.04950272728
180,NamStyle YY-26,2,8,XL,purple,3144.3963157894736,2987.1765
181,VietMode RP-33,4,1,M,black,5598.43156996587,3174.870543327645
182,DragonWear UE-09,5,5,M,black,8498.7,8073.765
183,UrbanVN UC-30,5,4,XL,purple,50.54423484959421,32.32978997882029
184,VietMode RP-97,4,1,M,purple,4692.24,4457.628
185,UrbanVN UR-35,5,7,S,orange,44.65281905454065,27.673457177359808
186,VietMode RS-83,4,6,M,purple,5039.37,2724.283422
187,DragonWear UM-39,5,3,S,orange,30.019427445814017,19.258928547891312
188,SaigonFlex UM-14,5,3,M,yellow,20.19065181083324,12.956974396309146
189,UrbanVN UE-21,5,5,M,black,4375.115247148289,4156.359484790874
190,VietMotion UE-11,5,5,M,silver,5033.7,3153.61305
191,HanoiStreet UR-36,5,7,L,red,29.93333491389395,18.23820116798559
192,PhoenixWear UE-14,5,5,M,black,6821.850000000001,5840.86797
193,HanoiStreet UR-31,5,7,M,purple,45.14383029070082,25.52385172770945
194,SaigonFlex UC-84,5,4,XL,yellow,N/A,6509.61927
195,SaigonCore YY-17,2,8,L,orange,4346.37,2195.351487
196,LotusWear UR-20,5,7,S,pink,6826.622727272727,5780.784125454546
197,DragonWear MA-25,1,2,M,purple,36.50593625897967,22.20353271354441
198,VietMotion MA-01,1,2,XL,silver,78.35681785939418,46.38509951496604
199,IndigoViet UM-02,5,3,S,red,14491.708235294118,8826.899486117647
200,VietMode UE-14,5,5,S,white,5416.74,3482.422146
201,VietMode RP-64,4,1,S,orange,3202.949302325581,2647.237598372093
202,UrbanVN MA-13,1,2,S,red,3366.602972136223,3198.272823529412
203,PhoenixWear UE-16,5,5,XL,blue,8504.37,7320.561696000001
204,HanoiStreet RP-16,4,1,S,pink,818.37,554.363838
205,NamStyle YY-15,2,8,S,white,1637.37,870.9171029999999
206,DragonWear UR-35,5,7,S,white,6815.393617021276,3720.523375531915
207,VietMode RS-76,4,6,L,pink,26.302729149478207,14.62524348409405
208,VietMode RP-23,4,1,XL,black,5354.37,2882.257371
209,UrbanVN UE-02,5,5,L,orange,7307.37,5269.344507
210,PhoenixWear UC-02,5,4,S,orange,16.359093790389007,9.137385792326617
211,DragonWear UR-39,5,7,S,pink,43.45991850151962,28.03147873924418
212,VietMode RP-80,4,1,S,pink,4471.74,4248.152999999999
213,UrbanVN RP-43,4,1,S,pink,2865.87,2722.5765
214,MekongFit RP-10,4,1,S,white,1960.245,1605.832704
215,MekongFit RP-19,4,1,M,blue,2834.37,2692.6515
216,VietMode RP-02,4,1,L,red,3195.99,1813.724325
217,SaigonFlex UM-05,5,3,S,red,9886.802879868348,7227.252905183763
218,MekongFit RP-11,4,1,M,purple,3731.974912998976,2473.179774844422
219,UrbanVN YY-05,2,8,M,black,42.8690611240214,25.637871787463048
220,SaigonCore UE-16,5,5,M,black,6970.45695652174,6092.876425695652
221,MekongFit UC-06,5,4,S,white,4808.37,4567.9515
222,SaigonFlex UC-28,5,4,XL,blue,9445.094755700327,8972.84001791531
223,SaigonFlex UC-32,5,4,XL,silver,10134.776887966806,8711.854212896265
224,SaigonCore UE-07,5,5,S,orange,7868.7,5265.73404
225,DragonWear RS-03,4,6,L,red,5039.37,3891.401514
226,VietMode RP-94,4,1,L,orange,4400.339999999999,2938.107018
227,VietMotion RP-13,4,1,S,green,24.40276236039929,14.024831413896305
228,DragonWear RP-20,4,1,M,purple,3779.37,3427.132716
229,LotusWear UM-01,5,3,XL,blue,10136.85,5587.4317200000005
230,HanoiStreet UM-06,5,3,L,orange,4674.7290361445785,4440.992584337349
231,DragonWear UM-16,5,3,M,yellow,10073.7,6682.89258
232,SaigonFlex UC-91,5,4,L,green,17013.896946107783,16163.202098802392
233,DragonWear MA-08,1,2,S,pink,5353.448367952522,3709.404374154303
234,VietMode RP-71,4,1,XL,yellow,3967.74,3426.5402640000007
235,LotusWear RP-05,4,1,M,silver,38.77519960989875,23.59608301764526
236,MekongFit RP-30,4,1,S,white,22.12626746115412,12.439630765339205
237,MekongFit UM-10,5,3,M,blue,7748.37,4407.272856
238,HanoiStreet UM-32,5,3,S,pink,36.07634897741269,20.99193459089709
239,VietMode RS-09,4,6,XL,black,29.73239720311884,18.016788156878903
240,UrbanVN UE-08,5,5,S,pink,59.80908771546647,38.78261788080608
241,VietMotion RP-23,4,1,L,green,3905.37,3541.780053
242,VietMotion UM-08,5,3,M,blue,9638.37,9156.4515
243,VietMotion RP-29,4,1,S,orange,32.25161374327551,20.86489873659447
244,VietMode RP-47,4,1,XL,purple,3716.37,2789.878959
245,LotusWear UE-39,5,5,L,pink,10553.85,5995.642185
246,NamStyle YY-02,2,8,XL,black,2834.37,1825.901154
247,DragonWear UM-32,5,3,M,purple,46.008403472897605,26.13542024368129
248,VietMotion YY-03,2,8,L,white,1618.174864864865,1252.4673454054057
249,HanoiStreet RP-64,4,1,S,green,44.72599379848069,25.661732716905963
250,DragonWear UE-11,5,5,XL,blue,9191.446033810143,8731.873732119637
251,SaigonFlex UC-52,5,4,XL,silver,5610.653125000001,4180.4976434375
252,VietMode MA-16,1,2,S,red,5373.012857142858,5104.362214285715
253,VietMode RP-29,4,1,M,silver,30.01516561307629,18.319602034123964
254,UrbanVN UR-43,5,7,S,red,26.137509924695955,16.67800727967642
255,LotusWear UE-14,5,5,M,blue,8405.192465753425,6159.3250389041095
256,UrbanVN RS-04,4,6,M,purple,1920.87,1824.8265
257,HanoiStreet RP-77,4,1,M,yellow,2708.37,2535.305157
258,SaigonCore YY-48,2,8,M,blue,4462.208709677419,4239.098274193549
259,HanoiStreet UR-24,5,7,L,pink,18.03387644120589,11.712836517062742
260,VietMode RP-15,4,1,XL,blue,29.72683062013232,18.408714277566283
261,BambooCraft UC-10,5,4,XL,black,8630.37,5459.572062000001
262,BambooCraft UC-16,5,4,M,silver,8661.21827586207,4709.104376586208
263,SaigonCore UE-13,5,5,L,pink,8251.727142857142,4414.674021428571
264,HanoiStreet RP-84,4,1,S,green,3338.27,3052.8479150000003
265,LotusWear UC-02,5,4,S,pink,12720.344318181818,12084.327102272728
266,VietMotion UR-25,5,7,L,orange,48.91322908687154,27.403684178663447
267,UrbanVN RP-27,4,1,S,orange,18.33048464860911,11.253304377609716
268,SaigonCore UM-01,5,3,M,yellow,7101.188181818181,6343.491402818181
269,LotusWear UE-30,5,5,M,yellow,40950.0,30319.38
270,SaigonFlex UM-09,5,3,S,white,22378.448212290503,17936.326242150837
271,MekongFit UE-25,5,5,M,yellow,2618.91,2284.475193
272,VietMode RP-08,4,1,S,green,34.10101628332273,21.127172809812297
273,SaigonCore UC-05,5,4,XL,yellow,9443.7,8971.515
274,VietMotion UR-07,5,7,S,white,37.70024303539459,20.75920856103877
275,SaigonFlex UE-22,5,5,L,white,6526.873255813954,5059.632147906977
276,SaigonFlex UM-18,5,3,M,blue,14675.85,10280.432925
277,SaigonFlex UM-00,5,3,XL,purple,8656.966557377049,6242.53858452459
278,SaigonFlex UC-75,5,4,L,red,11122.506,9587.600172
279,VietMode RP-45,4,1,M,blue,11.259872989175507,6.890468405455395
280,DragonWear MA-10,1,2,L,red,8183.699999999999,7774.5149999999985
281,HanoiStreet UR-20,5,7,L,white,77.39037963933177,49.4043613173527
282,VietMode MP-20,1,1,S,orange,5164.74,2973.857292
283,MekongFit UR-12,5,7,XL,purple,5890.312702702703,5044.463798594595
284,HanoiStreet UE-05,5,5,S,green,11024.37,7005.987135000001
285,HanoiStreet UE-15,5,5,L,green,5178.670998573467,4255.831826627675
286,HanoiStreet RS-20,4,6,S,green,4614.077052476704,3811.689053051005
287,UrbanVN UE-04,5,5,S,white,4691.61,4457.0295
288,SaigonFlex UM-46,5,3,M,black,24.20837585679796,14.981117116583182
289,MekongFit RP-58,4,1,S,orange,1422.8740268456374,1014.2246063355705
290,UrbanVN UR-18,5,7,XL,purple,4382.413269230769,3917.000980038461
291,UrbanVN UC-23,5,4,S,pink,7055.37,6285.629133
292,VietMode MA-19,1,2,XL,blue,23.464445533817567,14.611706946740496
293,SaigonFlex UM-64,5,3,XL,yellow,12111.791176470588,8626.017675882353
294,VietMotion MA-17,1,2,XL,blue,10199.7,8504.50986
295,BambooCraft UM-10,5,3,S,orange,15214.602558139535,10097.93171783721
296,BambooCraft UM-14,5,3,S,green,17668.006363636363,16784.606045454544
297,DragonWear RP-14,4,1,XL,yellow,4325.34375,3585.70996875
298,MekongFit UE-31,5,5,XL,purple,3527.37,2364.748848
299,MekongFit UE-23,5,5,XL,silver,5444.799864253394,5172.559871040724
300,VietMode RP-01,4,1,M,yellow,22.090734117325905,12.866937691187092
301,PhoenixWear UC-10,5,4,S,red,5147.283148371532,4889.918990952955
302,DragonWear UM-36,5,3,M,yellow,14767.077006507592,14028.723156182212
303,SaigonFlex UM-63,5,3,L,pink,21423.246923076924,16733.698171615386
304,NamStyle YY-01,2,8,L,red,1889.37,1538.5139909999998
305,VietMode RP-54,4,1,L,orange,4524.5025,4298.277375
306,HanoiStreet UE-29,5,5,S,red,61.92088131636448,39.00925896137887
307,MekongFit UM-11,5,3,L,white,11011.57028818444,8816.96432974928
308,VietMode MP-22,1,1,L,white,5353.74,5086.053
309,SaigonFlex UM-66,5,3,M,black,13863.650487804878,13170.467963414634
310,VietMotion UC-10,5,4,L,orange,25.26022943649214,14.351436261898485
311,VietMotion UR-24,5,7,M,black,25.257807488581232,16.24589276501159
312,DragonWear RS-06,4,6,M,blue,3882.460909090909,3688.337863636363
313,VietMode RS-60,4,6,L,orange,72.66719561257034,40.54912970828431
314,DragonWear UR-29,5,7,L,pink,17.372937016254994,9.586167633175872
315,DragonWear MA-26,1,2,L,green,9437.143228498076,8226.35775228177
316,SaigonFlex UC-42,5,4,M,silver,36.480756727820456,21.977431584878826
317,VietMode RP-07,4,1,XL,purple,4409.278125,2546.799045
318,NamStyle YY-25,2,8,L,white,1321.5873913043476,1255.5080217391303
319,MekongFit UC-01,5,4,XL,yellow,1637.37,1262.248533
320,LotusWear UM-06,5,3,S,pink,7714.35,4099.40559
321,VietMotion YY-21,2,8,S,orange,1233.091907284768,836.5295499019866
322,DragonWear MA-18,1,2,L,pink,4712.703333333333,3098.131171333333
323,SaigonCore UC-07,5,4,M,black,9474.183870967743,7096.16371935484
324,DragonWear UC-05,5,4,M,blue,9191.7,7248.57462
325,SaigonFlex UC-13,5,4,S,pink,10560.816,10032.7752
326,UrbanVN UR-11,5,7,S,pink,15.167650149235683,8.457680206310576
327,PhoenixWear UE-09,5,5,S,green,26.79180128450725,15.05096706786181
328,UrbanVN RP-08,4,1,M,blue,5291.37,3064.232367
329,VietMotion RS-05,4,6,S,orange,56.91443215555931,31.488058589151063
330,HanoiStreet RP-01,4,1,M,blue,1952.0120454545447,1681.8535783636362
331,LotusWear UE-45,5,5,S,white,13905.652816901407,7827.491970633802
332,SaigonFlex UC-38,5,4,M,blue,3743.690322580645,2813.7576464516133
333,LotusWear UE-41,5,5,S,red,52.30694353353064,31.731508497155808
334,LotusWear UR-24,5,7,S,orange,7556.85,4964.094765
335,VietMotion UR-15,5,7,S,orange,22.14458611437045,13.583501751832884
336,SaigonFlex UC-35,5,4,L,red,6934.761627906977,6364.030745930232
337,SaigonFlex UM-52,5,3,XL,silver,18516.81586715867,14254.244854538743
338,UrbanVN RP-03,4,1,S,pink,37.741902504944775,20.9149502570328
339,HanoiStreet RP-46,4,1,L,pink,890.4549377123442,845.9321908267269
340,HanoiStreet RP-04,4,1,S,green,1855.6303211009167,1762.8488050458714
341,UrbanVN MA-10,1,2,M,silver,34.43489498797168,21.192994736606497
342,VietMode MP-23,1,1,XL,purple,29.73856010572593,16.43246386967123
343,DragonWear UE-05,5,5,M,silver,9443.35,8471.629284999999
344,UrbanVN RP-22,4,1,XL,silver,3369.87,2821.255164
345,UrbanVN UR-34,5,7,XL,black,26.46776517089512,16.772658065996215
346,HanoiStreet MA-12,1,2,M,purple,29.504315607680223,17.54297900214996
347,VietMode RP-79,4,1,XL,silver,4471.74,4248.152999999999
348,VietMotion RP-37,4,1,S,red,1070.2073493975904,1005.3527840240964
349,PhoenixWear UC-07,5,4,M,silver,7876.33875,5431.523202
350,MekongFit RP-49,4,1,XL,blue,1792.7023572474377,1145.8953467525623
351,SaigonFlex RS-02,4,6,XL,purple,4595.85,3068.649045
352,PhoenixWear UR-03,5,7,XL,silver,5036.85,4118.12856
353,UrbanVN RS-06,4,6,XL,silver,1972.5575,1723.42348775
354,VietMode RP-04,4,1,S,orange,37.84371220778986,22.49335727343501
355,HanoiStreet UC-37,5,4,L,white,8151.269169550173,6372.662236754326
356,DragonWear MA-37,1,2,M,silver,5449.5,5177.025
357,SaigonFlex UM-83,5,3,L,pink,17103.87,10599.268238999995
358,HanoiStreet UE-38,5,5,M,yellow,34.288801956462315,19.78010355266784
359,BambooCraft UC-18,5,4,XL,yellow,11430.57895522388,10859.050007462683
360,MekongFit RP-15,4,1,M,yellow,1889.37,1137.589677
361,VietMode RP-29,4,1,M,silver,46.891778803111855,29.86492837502126
362,VietMotion UR-20,5,7,M,silver,42.57802195970135,25.72251810512813
363,SaigonFlex UM-98,5,3,M,blue,11636.1,11054.295
364,SaigonCore UE-15,5,5,S,red,17143.7,14587.57433
365,HanoiStreet YY-23,2,8,L,orange,1889.37,1779.7865399999998
366,UrbanVN UC-20,5,4,M,purple,8000.37,7600.3515
367,NamStyle YY-28,2,8,M,silver,2204.37,1660.3314839999998
368,UrbanVN UC-22,5,4,XL,silver,8712.525405405406,7795.096480216216
369,LotusWear UE-88,5,5,XL,silver,9257.85,8448.71391
370,SaigonCore MA-02,1,2,XL,silver,10073.7,7977.363029999999
371,VietMode MP-10,1,1,L,orange,4786.74,3972.515526
372,SaigonFlex UC-58,5,4,M,blue,22.084313317745423,12.489209747825754
373,HanoiStreet UC-53,5,4,L,red,5403.094003466204,3895.0904670987866
374,SaigonCore UM-06,5,3,L,white,38.63377724114878,23.627889604957712
375,HanoiStreet UE-18,5,5,M,yellow,2910.238085106382,1759.82097006383
376,LotusWear UE-71,5,5,L,red,6949.759090909091,6602.271136363636
377,MekongFit UC-29,5,4,XL,silver,3803.996185958254,3196.497995060721
378,HanoiStreet UE-30,5,5,M,black,6299.37,5324.227524
379,HanoiStreet RP-07,4,1,XL,yellow,1259.37,981.552978
380,SaigonCore RP-04,4,1,XL,purple,5398.47,3275.791596
381,MekongFit RP-09,4,1,XL,blue,1960.245,1862.23275
382,VietMode RP-65,4,1,M,blue,3841.74,3307.73814
383,MekongStyle UC-13,5,4,M,black,11954.96320754717,6095.835739528302
384,VietMode MA-14,1,2,L,pink,9764.37,6568.491699
385,DragonWear MA-02,1,2,L,orange,39.062877119540296,22.660232699057364
386,HanoiStreet YY-25,2,8,S,white,55.2059495268955,32.876358297176104
387,HanoiStreet UE-22,5,5,M,blue,4566.493505976096,2456.77350621514
388,VietMode RS-04,4,6,L,green,2847.5427272727275,2029.158947454545
389,UrbanVN RS-08,4,6,M,yellow,4632.0645129469785,4400.4612872996295
390,NamStyle YY-27,2,8,S,green,4283.37,4069.2015
391,HanoiStreet RP-12,4,1,S,white,41.479017404980375,25.821757084684688
392,PhoenixWear UE-20,5,5,XL,silver,6928.53,6582.103499999999
393,SaigonFlex UC-18,5,4,M,blue,10584.532361623616,10055.305743542434
394,SaigonFlex UM-16,5,3,XL,black,22.925052456218573,14.278155394319832
395,SaigonFlex UM-01,5,3,S,green,11028.42869470343,10091.01225565364
396,HanoiStreet UE-10,5,5,M,black,4913.37,3388.259952
397,DragonWear UR-18,5,7,XL,silver,44.86184643545983,27.9829459342423
398,UrbanVN RP-12,4,1,M,silver,3441.0957085020245,3269.040923076924
399,VietMode RP-86,4,1,L,white,4564.0675862068965,3732.950878758621
400,IndigoViet UM-07,5,3,M,purple,12837.05181818182,7742.025951545455
401,VietMode RP-02,4,1,L,red,1233.54,706.9417740000001
402,VietMode MA-22,1,2,L,green,8311.691612903225,6208.83363483871
403,HanoiStreet UR-06,5,7,S,red,7496.37,4533.054939
404,BambooCraft UC-25,5,4,L,green,8808.87,7972.027350000001
405,VietMode MA-20,1,2,S,white,60.9010021903396,38.01870835212474
406,VietMotion RP-61,4,1,S,white,41.7136682497843,24.73990745888133
407,SaigonFlex UM-57,5,3,S,orange,13107.434516129031,7168.455936870969
408,HanoiStreet UR-37,5,7,XL,black,20.10335521420072,12.223013276912614
409,BambooCraft UM-07,5,3,M,yellow,11339.37,7381.929870000001
410,SaigonCore RP-11,4,1,L,orange,3464.37,2540.422521
411,NamStyle YY-09,2,8,L,pink,1898.7033333333327,1803.7681666666665
412,LotusWear UE-50,5,5,M,yellow,45.4409090092245,28.00828205880248
413,HanoiStreet UR-14,5,7,S,pink,27.385724542743347,15.665965957215796
414,VietMode RP-32,4,1,S,red,2933.641534090909,2571.336804630682
415,SaigonFlex UC-43,5,4,L,pink,9414.213956043955,6648.317895758242
416,VietMode RP-23,4,1,XL,black,4093.74,2673.21222
417,SaigonFlex UC-02,5,4,M,silver,10938.358303886926,8362.374923321555
418,MekongFit UC-11,5,4,M,yellow,20.32115659247737,11.539459529498265
419,UrbanVN UE-25,5,5,M,purple,47.75868079133171,26.35510588030915
420,SaigonFlex UC-57,5,4,S,orange,3023.37,1991.191482
421,HanoiStreet UC-02,5,4,XL,yellow,4494.106487018096,4269.401162667191
422,DragonWear MA-36,1,2,S,green,5604.936206896552,3526.0653677586206
423,HanoiStreet UE-41,5,5,S,orange,29.38243538174741,17.75179269124272
424,MekongFit RP-22,4,1,S,green,3114.1088059701488,2258.663116970149
425,DragonWear RP-07,4,1,S,orange,4094.37,3531.803562
426,MekongFit UM-15,5,3,L,pink,2691.99,1457.981784
427,HanoiStreet RP-76,4,1,S,pink,3820.797597955707,2436.1405484565585
428,MekongFit RP-35,4,1,M,yellow,4610.969999999999,2548.022022
429,VietMode RP-55,4,1,XL,blue,3275.37,2244.283524
430,HanoiStreet UC-47,5,4,S,white,34.617835837670064,19.5803762088434
431,VietMode RS-28,4,6,L,red,5246.28743119266,4392.716466137615
432,DragonWear UR-36,5,7,M,purple,8309.284615384617,7893.820384615386
433,NamStyle YY-07,2,8,S,green,2204.37,2094.1515
434,SaigonFlex UC-27,5,4,L,orange,11109.750837988828,10554.263296089386
435,LotusWear UR-33,5,7,M,black,9446.85,5966.63046
436,HanoiStreet MA-06,1,2,XL,yellow,2843.993622047244,1924.53048403937
437,VietMode RS-05,4,6,XL,silver,4426.664117647058,3156.6541822941176
438,SaigonFlex UC-55,5,4,L,red,10658.332964467008,10125.416316243656
439,VietMode RP-19,4,1,XL,silver,40.14121824045173,25.57298046060988
440,HanoiStreet UC-62,5,4,XL,yellow,9245.030869565218,5388.9284938695655
441,VietMode MP-09,1,1,M,black,4786.74,4467.943116
442,NamStyle YY-24,2,8,M,blue,1353.87,1286.1764999999998
443,BambooCraft UC-03,5,4,S,white,10289.225985037408,8385.719177805486
444,VietMode MA-11,1,2,XL,purple,9196.74,8009.440866
445,LotusWear UR-13,5,7,M,black,5036.85,3089.60379
446,HanoiStreet RP-81,4,1,M,blue,1012.756364088948,643.5053937421175
447,VietMode MA-42,1,2,L,green,10583.37,8359.803963
448,VietMotion MA-12,1,2,L,pink,26.05586643333778,14.929893188018678
449,DragonWear RP-18,4,1,XL,blue,4800.533684210526,4293.117273789474
450,UrbanVN UR-32,5,7,M,yellow,2519.37,2246.270292
451,VietMode RP-06,4,1,L,white,4678.334594594594,4444.417864864864
452,HanoiStreet UC-04,5,4,M,black,11339.37,9661.14324
453,SaigonFlex UC-38,5,4,M,blue,27.486860722153324,16.36372210394695
454,SaigonCore RS-01,4,6,L,green,23.11852239383696,14.72331573262907
455,SaigonFlex UC-03,5,4,L,pink,12105.45,11500.1775
456,DragonWear UR-22,5,7,XL,black,30.12250471383129,16.90015329196289
457,SaigonFlex UM-01,5,3,S,green,11338.433980634749,10771.51228160301
458,SaigonFlex UE-15,5,5,XL,silver,6485.85,5394.2814450000005
459,LotusWear UR-12,5,7,S,red,5537.754000000001,5115.2233698
460,SaigonCore UE-29,5,5,L,white,38.20036339802935,24.19966371468973
461,HanoiStreet UM-01,5,3,M,silver,4913.37,3947.892795
462,UrbanVN RP-06,4,1,XL,black,13.67467902538131,8.840842303475455
463,VietMode RS-43,4,6,M,purple,5118.753298429319,4862.815633507853
464,MekongFit UE-33,5,5,M,silver,5291.37,3505.003488
465,LotusWear UE-31,5,5,L,red,11336.85,10173.68919
466,VietMode RP-87,4,1,XL,purple,4629.24,3204.359928
467,VietMode RP-10,4,1,L,pink,3778.74,2748.277602
468,IndigoViet UM-04,5,3,L,orange,16231.71508474576,15420.129330508473
469,PhoenixWear UR-14,5,7,L,pink,5385.87,4297.92426
470,SaigonFlex UE-05,5,5,M,silver,8186.85,6897.421125000001
471,VietMode RS-61,4,6,XL,blue,33.585869260565445,21.47754761557352
472,HanoiStreet MA-10,1,2,XL,blue,22.17550395365064,13.904944448459702
473,VietMotion UC-12,5,4,S,white,42.29506935456758,25.72826647079302
474,HanoiStreet YY-18,2,8,M,silver,3407.941498530852,1959.907155805093
475,LotusWear UE-64,5,5,XL,blue,58.03914660691861,36.17331656881759
476,VietMode RP-70,4,1,L,pink,4030.7399999999993,3829.202999999999
477,VietMotion YY-07,2,8,L,pink,43.57225453874576,28.26385136207968
478,VietMotion RS-06,4,6,M,blue,31.632468013791154,20.31072641674495
479,SaigonFlex UC-17,5,4,S,orange,11588.85,11009.4075
480,SaigonFlex UC-09,5,4,S,white,10607.752256033578,8623.041808929696
481,SaigonFlex UC-72,5,4,XL,silver,11408.04,7676.470116
482,VietMode RP-58,4,1,L,green,2802.24,1524.138336
483,UrbanVN YY-04,2,8,S,red,4801.846595744681,2893.1125739361705
484,PhoenixWear UE-21,5,5,S,pink,5039.37,4227.527493
485,MekongFit RP-05,4,1,XL,yellow,1979.360663900415,1058.3641469875515
486,LotusWear UE-74,5,5,M,blue,20786.85,15267.941325
487,HanoiStreet MA-18,1,2,XL,black,2900.2151612903226,2181.5418443225803
488,MekongFit UE-03,5,5,XL,silver,3123.1200000000003,1696.166472
489,IndigoViet UM-03,5,3,M,black,18386.83451612903,15661.90564083871
490,VietMotion RS-01,4,6,S,pink,27.44900004772441,16.815862190083102
491,UrbanVN UR-36,5,7,M,blue,42.2729797847311,26.125296591141566
492,SaigonFlex UM-80,5,3,XL,purple,12606.228520360584,10040.861016467206
493,SaigonCore UE-17,5,5,L,orange,6087.37,3511.803753
494,BambooCraft UM-16,5,3,L,pink,9708.284634146345,7207.430512390245
495,HanoiStreet UE-36,5,5,XL,silver,5860.36417215682,5567.345963548979
496,SaigonFlex UC-47,5,4,L,orange,11641.827272727272,11059.735909090909
497,SaigonCore YY-31,2,8,S,green,1705.576611570248,1041.766194347107
498,UrbanVN MA-17,1,2,S,white,4242.385846538782,4030.266554211843
499,MekongFit UC-22,5,4,S,red,7693.690754716981,5870.286045849057
500,SaigonFlex UM-97,5,3,S,orange,11054.693628318582,9357.79815637168
501,NamStyle UC-01,5,4,M,yellow,2708.37,1355.268348
502,VietMode RP-05,4,1,M,blue,4678.334594594594,4099.624605243243
503,HanoiStreet UM-30,5,3,L,green,6985.37,6636.1015
504,BambooCraft UM-02,5,3,S,white,11978.285094339622,7438.515043584906
505,LotusWear UE-48,5,5,XL,silver,14014.35,13313.6325
506,MekongFit RP-51,4,1,M,purple,3028.62,2877.189
507,MekongFit RP-55,4,1,M,yellow,2555.2866666666664,2320.7113506666665
508,LotusWear RP-09,4,1,M,black,46.92027483880587,27.07182375234705
509,VietMotion UR-06,5,7,XL,blue,29.25040142053348,17.5720842733407
510,VietMode UE-15,5,5,M,purple,8188.74,4606.985124
511,SaigonFlex UC-46,5,4,M,black,8907.554838709679,8272.446178709677
512,MekongFit RP-23,4,1,M,silver,4317.599357798164,4101.719389908256
513,SaigonFlex UM-78,5,3,M,blue,18458.3,13679.446129999998
514,PhoenixWear UE-22,5,5,M,yellow,6603.962565789473,3515.949670026316
515,VietMotion UE-07,5,5,M,blue,999999999,18.38636752042886
516,VietMode RP-46,4,1,L,white,32.404005878884256,19.324109605400498
517,SaigonCore UC-03,5,4,M,silver,5696.857894736842,3744.544694210525
518,SaigonFlex UM-06,5,3,M,black,13211.57028169014,7279.575225211268
519,DragonWear MA-21,1,2,M,black,5165.071578947369,4456.423758315789
520,SaigonFlex UC-61,5,4,S,green,9577.146989690722,5842.05966371134
521,NamStyle YY-30,2,8,XL,yellow,53.0756828692648,32.3762756107979
522,VietMode RP-72,4,1,S,red,4469.5675862068965,3598.001906896552
523,MekongFit RP-08,4,1,L,orange,1800.4956652868125,1710.470882022472
524,HanoiStreet RS-03,4,6,XL,yellow,37.96643159775866,24.16319721561676
525,PhoenixWear UR-01,5,7,M,purple,6173.37,4869.554255999999
526,VietMotion RS-10,4,6,M,silver,3358.794231856739,3190.8545202639016
527,LotusWear UC-05,5,4,XL,black,12281.85,7574.216895
528,SaigonFlex UM-70,5,3,M,purple,14179.444183976262,13470.471974777449
529,VietMotion UM-05,5,3,L,red,9669.87,7081.245801000001
530,MekongFit UE-20,3,5,S,white,7559.37,5095.771317
531,MekongFit UC-28,5,4,L,green,6689.096277372263,5573.355018306569
532,VietMotion UR-19,5,7,S,green,42.50611410259488,26.61319664232815
533,SaigonCore UE-21,5,5,L,green,7948.03935483871,7430.62199283871
534,HanoiStreet UC-34,5,4,XL,black,15434.37,14662.6515
535,PhoenixWear UM-07,5,3,S,green,6892.438965517242,6547.817017241379
536,DragonWear MA-41,1,2,M,black,10143.0,8305.0884
537,UrbanVN UE-10,5,5,L,red,6047.043575129534,5297.814876170984
538,HanoiStreet RP-40,4,1,S,orange,32.45663063646928,18.534885335820807
539,DragonWear UR-40,5,7,M,yellow,24.725951184208856,15.543585995353366
540,MekongFit MA-05,1,2,XL,silver,2653.821219512195,1379.987034146341
541,SaigonCore UR-07,5,7,M,black,10076.85,8257.978575000001
542,BambooCraft UM-19,5,3,M,black,11652.151690140843,7134.61247987324
543,SaigonCore UR-01,5,7,XL,purple,6236.369999999999,4906.775916
544,UrbanVN UE-23,5,5,XL,blue,27.093590379955067,15.639253025192934
545,MekongFit UC-26,5,4,S,white,44.49543643977257,27.68624827776821
546,SaigonFlex UE-19,5,5,XL,black,7557.783882352941,7179.894688235294
547,SaigonFlex UC-63,5,4,L,pink,11489.45256880734,7924.275436706423
548,SaigonFlex UC-04,5,4,XL,yellow,10586.428125,10057.10671875
549,VietMode RP-28,4,1,S,green,4004.843365384615,2924.7371097403843
550,HanoiStreet UM-04,5,3,S,red,12599.37,11653.157313000002
551,LotusWear UE-49,5,5,S,pink,44.73576139954138,26.734316490441223
552,NamStyle YY-29,2,8,L,pink,1889.37,1718.382015
553,BambooCraft UC-19,5,4,S,red,18.330955787804072,11.306689593388796
554,HanoiStreet UM-23,5,3,XL,yellow,9597.8685,7830.90090915
555,LotusWear UE-73,5,5,S,orange,12596.85,11250.246735
556,LotusWear UR-09,5,7,M,silver,6401.85,3225.892215
557,HanoiStreet RP-32,4,1,S,white,3275.3700000000003,2282.277816
558,SaigonCore YY-19,2,8,S,white,29.97651796328568,18.82480659753188
559,UrbanVN MA-09,1,2,S,green,3559.9503011292345,3381.9527860727726
560,VietMode RP-89,4,1,M,silver,5669.37,5385.9015
561,VietMode RS-57,4,6,XL,yellow,21.887223637481146,13.792733185674388
562,MekongFit MA-07,1,2,M,yellow,3141.3003370786514,2842.562675022472
563,VietMode RP-96,4,1,S,white,4245.681176470588,3142.653206823529
564,NamStyle YY-31,2,8,S,red,3527.37,2218.362993
565,DragonWear UE-07,5,5,XL,yellow,37.8074197316877,21.77489391602548
566,MekongFit RP-20,4,1,L,white,2834.37,2536.477713
567,VietMotion RP-44,4,1,XL,silver,1574.37,850.1597999999999
568,DragonWear MA-29,1,2,M,yellow,6293.7,5979.014999999999
569,HanoiStreet RP-13,4,1,M,purple,1341.3127118644063,1274.2470762711862
570,VietMode RP-26,4,1,L,white,22.899930378810343,14.009827586880482
571,SaigonFlex UC-20,5,4,XL,purple,11836.938926174498,7837.237263020134
572,VietMotion UC-25,5,4,M,silver,10451.7,9744.11991
573,SaigonCore YY-29,2,8,L,white,3023.3700000000003,2052.86823
574,VietMode RP-08,4,1,S,green,5668.74,4769.677836
575,UrbanVN RP-09,4,1,L,white,1609.9115094339622,1337.8364643396226
576,VietMotion RS-14,4,6,M,black,33.18498384851216,18.641028152283216
577,VietMotion RP-34,4,1,M,silver,2193.0293107221005,1336.6513648851203
578,LotusWear UE-53,5,5,S,orange,11613.773076923078,9075.002282307692
579,LotusWear UE-58,5,5,M,silver,18896.85,11857.773375
580,BambooCraft UM-11,5,3,M,blue,9675.597272727273,9191.817409090909
581,UrbanVN UE-09,5,5,M,yellow,5425.358472622478,5021.169266412104
582,DragonWear MA-24,1,2,S,white,23.83396923282398,13.26920629437508
583,VietMotion MA-08,1,2,L,white,79.51305112548167,51.55608462187102
584,MekongFit MA-03,1,2,M,purple,2541.87,1871.578881
585,MekongFit UM-04,5,3,XL,silver,9359.509534883722,8891.534058139536
586,VietMode RS-11,4,6,M,blue,44.12457583127853,24.311630156991555
587,MekongFit UC-24,5,4,L,orange,35.82852967556213,20.57694152770872
588,DragonWear UM-22,5,3,XL,purple,22.423899496901825,12.829182552408856
589,BambooCraft UC-09,5,4,L,red,29.35780741888176,17.312837837634
590,VietMode RS-59,4,6,M,black,20.50869295740109,12.950880933751266
591,HanoiStreet UR-22,5,7,S,green,6929.369999999999,6582.901499999999
592,MekongFit RP-52,4,1,L,green,3028.62,2278.430826
593,MekongFit MA-02,1,2,S,white,3432.87,3261.2265
594,LotusWear UE-67,5,5,L,green,12596.85,11967.0075
595,SaigonFlex UM-69,5,3,S,white,7809.460209424084,4229.603649424084
596,VietMode RP-09,4,1,M,silver,3944.035454545454,3586.7058423636363
597,UrbanVN UR-12,5,7,M,yellow,31.164697443076804,19.79334418747074
598,SaigonFlex UM-21,5,3,S,green,10765.597500000002,9498.48667425
599,SaigonCore YY-07,2,8,S,orange,1103.37,1048.2015
600,PhoenixWear UR-18,5,7,L,orange,6299.37,5456.514294
601,SaigonFlex UC-85,5,4,S,red,30.15483325288156,17.16017393108335
602,VietMode RP-43,4,1,XL,black,4603.797692307692,4373.607807692308
603,VietMotion UC-27,5,4,XL,yellow,2324.005436893204,2207.805165048544
604,BambooCraft UC-07,5,4,S,pink,10940.58,10050.016788
605,VietMotion UC-24,5,4,S,green,8381.717836456559,7962.63194463373
606,VietMotion RP-36,4,1,XL,yellow,1546.0695505617975,1225.1055118651684
607,VietMotion RP-48,4,1,XL,black,1511.37,1150.605981
608,VietMode RP-14,4,1,L,orange,27.004227841229177,15.330704640302349
609,UrbanVN RS-07,4,6,S,pink,68.89499310332668,43.71237967432158
610,PhoenixWear UE-01,5,5,S,pink,7739.005135135135,4210.018793513513
611,VietMotion RP-22,4,1,M,purple,768.1824234158624,444.8544414001259
612,SaigonCore YY-35,2,8,S,red,3968.37,2471.103999
613,DragonWear MA-34,1,2,L,white,27.428556473975345,15.21116985645254
614,SaigonFlex UC-93,5,4,S,pink,11516.4,9278.76348
615,PhoenixWear UM-11,5,3,S,red,6667.367225806452,3474.365061367742
616,VietMode RP-92,4,1,S,red,34.87214848020078,19.34780740187828
617,DragonWear RP-04,4,1,M,yellow,786.87,401.854509
618,SaigonFlex UM-73,5,3,S,pink,17.409337603805483,10.048922339220054
619,DragonWear UC-03,5,4,XL,black,9513.0,9029.7396
620,SaigonFlex UC-92,5,4,XL,silver,11006.55,7708.987620000001
621,VietMode RS-53,4,6,XL,purple,3167.8994117647057,3009.50444117647
622,SaigonCore UE-01,5,5,L,green,8892.502867132867,5203.892677846154
623,NamStyle YY-22,2,8,XL,black,1386.882,1076.913873
624,VietMode RS-67,4,6,M,yellow,2770.74,1718.690022
625,UrbanVN UR-21,5,7,L,pink,26.160590454431023,16.16205503879573
626,SaigonFlex UM-26,5,3,M,black,21110.51634146341,17857.385773243903
627,PhoenixWear UM-15,5,3,S,white,10854.356301369864,6990.205458082193
628,SaigonFlex UM-49,5,3,S,white,13238.5575,12576.629625
629,VietMode RP-07,4,1,XL,purple,5668.74,3382.537158
630,SaigonCore UE-12,5,5,M,silver,7626.910344827586,6550.753295172413
631,DragonWear MA-27,1,2,XL,silver,5077.2825,4735.0736595
632,HanoiStreet UE-25,5,5,S,green,10079.37,9575.4015
633,LotusWear UR-47,5,7,XL,purple,9446.85,7969.362660000002
634,SaigonFlex UC-12,5,4,XL,silver,6544.421470588235,4298.376021882353
635,SaigonFlex UC-64,5,4,XL,yellow,10648.856285414482,10116.413471143758
636,HanoiStreet UE-21,5,5,S,orange,25.583614760726004,14.429448269570385
637,VietMode UE-09,5,5,XL,yellow,10719.602068965518,10183.62196551724
638,HanoiStreet RS-19,4,6,XL,purple,26.29131187726292,14.947992451948688
639,VietMode RP-38,4,1,L,green,56.72233329541727,33.4896615147602
640,VietMotion UE-24,5,5,L,red,4649.896261682243,4417.401448598131
641,VietMode UE-17,5,5,XL,silver,8819.221764705884,8378.260676470589
642,LotusWear UR-44,5,7,S,orange,7556.850000000001,5834.643885
643,MekongFit UC-09,5,4,XL,silver,8323.85076923077,7907.658230769231
644,MekongFit MA-04,1,2,L,green,1243.62,1007.580924
645,LotusWear UR-25,5,7,M,blue,8816.85,5025.6045
646,HanoiStreet UE-34,5,5,M,purple,3806.7319302949054,3616.395333780161
647,VietMotion RP-40,4,1,XL,blue,33.74929298567648,19.65960461747709
648,SaigonFlex UC-44,5,4,XL,yellow,15941.109130434785,14039.334811173912
649,VietMode RP-52,4,1,S,red,4556.323333333333,3423.1657203333334
650,VietMode RP-41,4,1,M,yellow,1802.115,1575.769356
651,HanoiStreet RP-45,4,1,M,silver,890.4549377123442,566.9526588414495
652,DragonWear MA-04,1,2,S,white,9610.756521739131,5604.032127826088
653,VietMotion MA-09,1,2,XL,purple,23.96706714819649,14.162940493047364
654,VietMode RP-50,4,1,L,pink,5479.74,5205.753
655,VietMode RS-52,4,6,L,white,26.786471161475475,16.63188205441279
656,DragonWear UE-04,5,5,S,green,9216.9,7344.947609999999
657,SaigonCore YY-54,2,8,XL,yellow,1885.747736131934,1552.1589616101946
658,SaigonFlex UC-26,5,4,M,black,8951.670000000002,7753.936554000001
659,VietMotion MA-13,1,2,XL,yellow,2387.299419873636,2267.9344488799543
660,VietMode RP-73,4,1,M,black,5051.437674418605,4798.865790697674
661,VietMotion MA-04,1,2,L,red,46.94272561574726,27.68491556165356
662,UrbanVN UE-24,5,5,S,white,6479.721271860095,5307.5396937806045
663,SaigonFlex UC-40,5,4,XL,purple,11157.957055214723,10600.059202453987
664,DragonWear RP-12,4,1,M,silver,3676.279090909091,3492.465136363636
665,UrbanVN UC-14,5,4,XL,yellow,6564.18724137931,6235.977879310344
666,VietMode MP-05,1,1,M,silver,69.37887580587473,41.75971276363685
667,UrbanVN RP-32,4,1,M,silver,82.12784702062984,50.64712843407366
668,PhoenixWear UC-09,5,4,XL,yellow,9154.692580645162,7143.40662067742
669,SaigonFlex UM-33,5,3,S,pink,14291.702003988035,13021.1696958335
670,MekongFit MA-11,1,2,M,blue,3460.8919000381534,3287.8473050362454
671,VietMode RP-62,4,1,L,red,5983.8530769230765,3805.7305569230766
672,VietMode RP-01,4,1,M,yellow,3195.99,3036.1905
673,UrbanVN UR-07,5,7,S,white,5358.403536585365,3888.593446500001
674,DragonWear UR-32,5,7,M,black,51.19184483471268,30.34536424775848
675,DragonWear RP-19,4,1,S,white,3779.37,3590.4015
676,SaigonFlex UC-62,5,4,M,silver,60.89870697563103,38.963323338682926
677,VietMode RP-59,4,1,XL,silver,16.2568100410919,9.291864520911869
678,VietMotion RP-06,4,1,M,yellow,41.60579529070704,24.931348582041373
679,SaigonCore YY-04,2,8,M,yellow,2719.3949999999995,2583.42525
680,VietMode RP-42,4,1,L,red,1802.115,1309.056336
681,HanoiStreet YY-15,2,8,L,white,1038.87,951.397146
682,HanoiStreet RS-09,4,6,M,purple,2267.37,1983.268539
683,SaigonFlex UC-50,5,4,M,purple,10129.728957654725,8328.663148983715
684,LotusWear UE-24,5,5,XL,blue,88.70327802926064,52.23998262488708
685,DragonWear MA-38,1,2,L,pink,5355.0,4705.974
686,HanoiStreet RP-18,4,1,L,red,3782.677086614173,2712.936006519685
687,LotusWear UR-08,5,7,S,green,6434.257407407407,5945.253844444444
688,VietMode RS-20,4,6,L,orange,32.38777123197503,18.06777241654719
689,VietMotion RP-07,4,1,L,red,1290.87,907.997958
690,HanoiStreet MA-08,1,2,M,black,32.86451541320264,19.68138564352252
691,MekongFit MA-01,1,2,XL,blue,4535.037107001321,2953.2161640792606
692,SaigonFlex UC-89,5,4,S,white,45.01401526716507,26.88267126437134
693,LotusWear RP-04,4,1,S,green,27.854003961988106,17.563816142326093
694,SaigonCore UE-22,5,5,XL,silver,9128.7,8672.265
695,MekongFit RP-33,4,1,XL,silver,3432.87,2542.726809
696,SaigonCore UR-11,5,7,M,purple,2235.9309677419355,2124.134419354839
697,LotusWear UE-70,5,5,M,yellow,6296.85,5735.170980000001
698,MekongFit UR-17,5,7,S,red,33.25127873001165,20.9799477652166
699,MekongFit UE-24,5,5,S,pink,5589.408461538462,5309.938038461539
700,VietMode RP-33,4,1,M,black,4865.717011173184,4089.6351478910615
701,VietMode RS-92,4,6,L,white,37.50596780635181,23.590122972054488
702,LotusWear UE-09,5,5,S,pink,36.70893391230743,20.80032217120737
703,VietMotion UC-29,5,4,M,black,7536.502486388385,7159.677362068965
704,DragonWear MA-06,1,2,L,green,26.430276201873458,16.408370301165643
705,SaigonFlex UM-25,5,3,S,red,14672.77455621302,13939.135828402366
706,MekongStyle UC-10,5,4,L,pink,32.93714703716061,18.18035175845804
707,VietMode RP-09,4,1,M,silver,2317.901162207358,1762.0684635100336
708,MekongFit RS-08,4,6,S,red,2225.38025390625,2045.792067416016
709,VietMode MP-04,1,1,S,green,5794.74,4156.567002
710,HanoiStreet UM-29,5,3,M,purple,46.644709743829566,29.34289561026984
711,UrbanVN MA-04,1,2,XL,black,28.20535380725444,16.135633097849695
712,VietMode RP-84,4,1,S,orange,3652.74,2041.516386
713,SaigonCore UR-03,5,7,M,silver,6307.371940298507,3885.971852417911
714,VietMode RP-45,4,1,M,blue,4981.022208588956,3912.592944846626
715,UrbanVN UC-31,5,4,S,green,37.99472429809594,20.946498813866302
716,VietMotion RP-51,4,1,L,white,715.600871757925,486.6801528825648
717,VietMotion RS-11,4,6,L,pink,26.056050101685983,15.585484607536555
718,VietMode RP-52,4,1,S,red,5669.054999999999,3895.2076905
719,HanoiStreet UE-33,5,5,S,white,3853.8245454545454,3304.6545477272725
720,SaigonFlex UC-49,5,4,S,white,7436.313925233644,4666.286988084112
721,VietMotion RP-55,4,1,L,pink,40.93238959023979,23.207673945338502
722,MekongStyle UC-01,5,4,M,yellow,14486.85,13762.5075
723,LotusWear UE-01,5,5,S,red,34.03621789696054,21.34381341794018
724,DragonWear UE-03,5,5,XL,purple,7553.7,7176.014999999999
725,DragonWear MA-22,1,2,L,orange,6615.0,3489.4125000000004
726,BambooCraft UM-08,5,3,L,red,10134.107704918031,9627.402319672132
727,SaigonFlex UM-02,5,3,M,silver,17955.91601226994,17058.120211656442
728,HanoiStreet YY-03,2,8,L,orange,3419.9325,2547.50771925
729,HanoiStreet RP-68,4,1,S,red,3997.024412721359,2058.4675725515
730,HanoiStreet RP-44,4,1,S,green,23.03407255575496,14.123480298959194
731,HanoiStreet RP-34,4,1,L,green,2645.37,2343.79782
732,VietMode RP-35,4,1,XL,blue,1348.7798230088497,1048.8111903716815
733,SaigonCore UR-10,5,7,S,white,6828.570000000001,5400.033156
734,SaigonFlex UC-66,5,4,M,black,15754.49563106796,14966.770849514562
735,SaigonFlex UC-31,5,4,L,green,11783.942843326886,9612.16217730174
736,MekongFit UE-13,5,5,M,silver,3193.262400806994,3033.599280766644
737,PhoenixWear UR-19,5,7,XL,blue,5280.81502617801,4593.780991272251
738,UrbanVN RP-14,4,1,XL,yellow,3527.37,1932.99876
739,DragonWear UR-31,5,7,S,red,8757.0,8319.15
740,HanoiStreet RP-05,4,1,M,silver,2046.87,1742.909805
741,SaigonFlex UM-85,5,3,S,red,45.27382942735669,25.31523330168555
742,PhoenixWear RP-01,4,1,S,pink,34.07713034376433,22.047603610788848
743,VietMotion YY-16,2,8,XL,silver,936.0128571428572,826.4057515714287
744,MekongStyle UC-11,5,4,XL,yellow,21.6913947894699,12.156093169488374
745,VietMode MA-26,1,2,L,red,41.08175137687927,24.342964395115114
746,SaigonCore UR-06,5,7,S,red,8561.7,6144.73209
747,VietMode RP-20,4,1,S,pink,4448.666249999999,3015.750850875
748,HanoiStreet UE-26,5,5,M,silver,38.26586487306465,24.36949350141491
749,VietMode RP-03,4,1,XL,black,4566.24,4337.928
750,VietMode MA-37,1,2,M,black,6171.255906040268,4382.208818879195
751,SaigonFlex UC-02,5,4,M,silver,9523.076012658228,5393.87025356962
752,HanoiStreet UC-41,5,4,L,pink,9462.733636363637,7198.301477181818
753,VietMotion MA-02,1,2,S,pink,24.36288761072888,14.955221775848312
754,UrbanVN UE-18,5,5,L,pink,3259.523492647059,1700.4934061139704
755,VietMode RP-27,4,1,XL,purple,4912.74,3845.692872
756,UrbanVN RP-21,4,1,L,green,3369.87,2625.465717
757,DragonWear UR-11,5,7,S,red,52.15532346340829,33.81794706998278
758,SaigonFlex UE-03,5,5,XL,purple,6514.160126582279,3614.7074542405057
759,NamStyle YY-08,2,8,M,silver,2834.37,2279.683791
760,VietMode RP-90,4,1,L,pink,4178.16,3876.496848
761,SaigonFlex UC-51,5,4,L,green,9634.396153846154,5513.764918846154
762,DragonWear UC-04,5,4,S,orange,37.55095959605123,21.336185365589483
763,UrbanVN RP-28,4,1,M,blue,52.32643105341463,33.32104375919796
764,HanoiStreet UE-44,5,5,XL,purple,9448.74,7307.655516
765,MekongFit RP-34,4,1,S,pink,3432.87,2650.17564
766,BambooCraft UC-13,5,4,L,white,8725.29,4900.122864000001
767,VietMode RP-98,4,1,L,green,27.91732801988607,15.370607052345465
768,BambooCraft UC-12,5,4,M,blue,8686.73842105263,7189.144717263159
769,SaigonCore UE-05,5,5,L,red,7559.37,4246.098129
770,VietMotion UC-05,5,4,M,silver,37.69900071080301,21.51816079899328
771,VietMotion YY-06,2,8,M,silver,22.51159738539337,12.926260556590194
772,MekongFit RP-53,4,1,XL,silver,1920.87,1824.8265
773,VietMode RS-70,4,6,S,orange,5039.37,4028.472378
774,HanoiStreet UM-02,5,3,L,pink,21.57732512939597,12.363826367646892
775,MekongStyle UC-05,5,4,M,blue,12136.393255813957,8029.437778046513
776,DragonWear UM-51,5,3,S,white,59.22913883606159,37.57821971780847
777,VietMode MA-25,1,2,M,yellow,5669.370000000001,5385.901500000001
778,MekongFit RS-04,4,6,S,green,3151.464301221167,1908.2116343894168
779,VietMotion YY-13,2,8,S,white,3296.847272727273,2940.1283978181823
780,VietMode RP-42,4,1,L,red,5038.74,2568.245778
781,SaigonFlex UC-42,5,4,M,silver,12288.258347826088,9234.626148391304
782,VietMode RP-78,4,1,L,green,4156.74,3322.482282
783,HanoiStreet UC-28,5,4,M,purple,6039.659921465968,3816.461104374345
784,HanoiStreet YY-02,2,8,M,black,4904.031105815062,3874.6749767044807
785,LotusWear UM-05,5,3,XL,silver,9546.096575342466,5405.954490616439
786,VietMode RP-14,4,1,L,orange,6298.74,5983.803
787,HanoiStreet RP-65,4,1,M,silver,1477.4889495225102,1403.6145020463846
788,DragonWear MA-35,1,2,XL,purple,5669.37,3727.043838
789,LotusWear UE-32,5,5,XL,black,7633.679268292683,6058.087867317074
790,DragonWear YY-02,2,8,L,pink,6293.7,3768.03819
791,VietMode RP-31,4,1,XL,yellow,4534.74,4308.003
792,HanoiStreet RS-01,4,6,M,silver,3792.839178082192,3178.399231232877
793,SaigonCore YY-57,2,8,L,orange,2656.232068965517,1842.62818624138
794,UrbanVN UC-26,5,4,XL,black,2019.996121076233,1168.1637568183855
795,NamStyle YY-11,2,8,S,red,1301.63582278481,745.4468357088607
796,HanoiStreet UE-17,5,5,S,pink,2601.282045889101,2461.3330718202674
797,VietMotion RP-62,4,1,M,purple,30.53219942488464,17.552089060732616
798,MekongFit UC-12,5,4,L,red,7044.87,6692.626499999999
799,VietMotion RP-17,4,1,S,red,17.270209532795405,10.267666749032566
800,SaigonFlex UC-20,5,4,XL,purple,10520.478996539792,9994.455046712805
801,UrbanVN RP-10,4,1,XL,purple,1609.9115094339622,1048.696357245283
802,LotusWear UE-36,5,5,XL,purple,37.36068457495183,21.87719413339984
803,LotusWear UE-03,5,5,L,orange,11147.85,10315.105605
804,VietMode RP-17,4,1,M,purple,19.76703478014193,11.639933279269748
805,VietMotion UC-22,5,4,L,white,7830.721535836178,5726.606659156997
806,PhoenixWear UR-16,5,7,S,red,6611.85,4492.09089
807,LotusWear UR-26,5,7,L,white,10076.85,8442.38493
808,VietMode RP-27,4,1,XL,purple,4004.843365384615,3125.3797623461537
809,HanoiStreet UR-30,5,7,S,white,39.54850017556203,24.50433225008864
810,LotusWear UE-12,5,5,XL,black,9887.85,9393.4575
811,HanoiStreet UM-14,5,3,L,red,44.0621085973863,27.30215489435084
812,SaigonFlex UE-13,5,5,M,purple,6289.682000000001,3754.3111858
813,SaigonFlex UM-96,6,3,XL,black,11060.080544680852,10507.076517446809
814,HanoiStreet UR-19,5,7,M,blue,47.80569519896546,30.92599485473374
815,PhoenixWear MA-01,1,2,L,orange,6299.37,3167.323236
816,MekongFit UE-06,5,5,L,red,5606.37,3703.568022
817,VietMotion RP-35,4,1,L,pink,1546.0695505617975,846.4730789325843
818,VietMotion UE-01,5,5,XL,silver,7343.27605427975,6976.112251565762
819,SaigonFlex UM-08,5,3,XL,blue,13752.81,7730.454500999999
820,VietMotion MA-07,1,2,M,blue,9177.035294117648,5596.156122352942
821,DragonWear UM-47,5,3,S,red,37.95726000127293,24.56236402951228
822,VietMode RS-78,4,6,S,red,4786.74,4547.402999999999
823,VietMode RP-21,4,1,M,yellow,1652.259512195122,1569.6465365853658
824,VietMode RP-18,4,1,L,green,4781.390943396226,4542.321396226414
825,SaigonFlex UC-33,5,4,S,pink,16826.67,12741.154524
826,SaigonFlex UM-22,5,3,M,silver,11199.107872340424,8260.461966638297
827,PhoenixWear UE-11,5,5,L,pink,40.66252770930223,24.70865195616299
828,SaigonFlex UC-00,5,4,XL,purple,10745.220588235294,9205.430477941176
829,HanoiStreet UE-16,5,5,XL,silver,7343.25255526658,6976.089927503251
830,VietMode RP-16,4,1,S,white,4011.274505119454,2500.227399040956
831,VietMode RS-13,4,6,XL,purple,3356.7945283018867,3188.954801886792
832,BambooCraft UM-01,5,3,XL,blue,10115.099166666669,6342.1671775
833,BambooCraft UM-18,5,3,S,red,11356.870000000004,6008.919917
834,VietMotion RP-50,4,1,M,blue,1621.5537476099423,1250.8665609063096
835,LotusWear UR-29,5,7,M,silver,7052.85,5494.17015
836,HanoiStreet UM-08,5,3,S,white,5543.37,4445.228403
837,UrbanVN RP-29,4,1,L,white,37.91696218405503,22.57856459219544
838,LotusWear UE-07,5,5,L,green,5761.350000000001,3392.28288
839,SaigonFlex UE-08,5,5,S,red,7367.85,6999.4575
840,SaigonFlex UM-79,5,3,L,white,36.743197912068986,21.535092385273764
841,VietMode RP-57,4,1,M,purple,2802.24,1672.096608
842,NamStyle YY-35,2,8,S,white,66.8289478002943,42.504028768524
843,UrbanVN UR-08,5,7,M,purple,3684.87,2645.368173
844,HanoiStreet RP-78,4,1,L,red,2708.37,1879.337943
845,MekongFit UR-11,5,7,L,white,58.93937160374784,37.65487971621282
846,HanoiStreet UE-20,5,5,XL,black,38.26954499465669,23.97053437683893
847,BambooCraft UC-15,5,4,S,green,8833.75888888889,7271.950317333333
848,PhoenixWear UE-18,5,5,M,purple,7994.642727272727,6223.829363181818
849,IndigoViet UM-05,5,3,XL,blue,12468.703333333337,11003.630691666667
850,VietMode MA-04,1,2,S,pink,21.48555391895704,13.27856271342186
851,HanoiStreet RP-69,4,1,M,black,1274.5818688060406,845.3026953921661
852,HanoiStreet RP-02,4,1,L,white,1952.0120454545447,1350.7923354545455
853,SaigonCore UC-09,5,4,XL,blue,5351.85,4369.2503400000005
854,SaigonFlex UC-34,5,4,M,yellow,12601.622727272726,11971.54159090909
855,VietMode RP-82,4,1,L,red,4912.74,3997.005264
856,VietMode RP-61,4,1,M,yellow,5963.987647058823,4995.436053176471
857,MekongFit UM-19,5,3,L,orange,8326.33408839779,7398.780470950277
858,VietMode RS-81,4,6,XL,blue,5070.87,4513.0743
859,HanoiStreet RP-15,4,1,XL,silver,818.37,681.129351
860,LotusWear UR-01,5,7,M,yellow,6513.15,4765.02054
861,VietMotion UR-27,5,7,S,white,23.80275002527921,14.728869703292052
862,VietMotion UC-14,5,4,L,green,5124.649910554562,4868.417415026834
863,HanoiStreet YY-22,2,8,M,black,17.927831391666206,10.41671895241332
864,LotusWear UE-27,5,5,L,green,14648.60675675676,7768.156163108108
865,VietMode RP-72,4,1,S,red,3967.74,3769.353
866,DragonWear UM-14,5,3,XL,silver,40.02615711874029,25.413390272717606
867,UrbanVN RP-31,4,1,S,green,42.65364555812609,25.544613933627417
868,HanoiStreet UM-33,5,3,M,yellow,4137.985384615385,3139.075712769231
869,VietMode MA-41,1,2,M,purple,5114.97,3436.748343
870,SaigonCore YY-56,2,8,M,black,1259.37,828.1617120000001
871,UrbanVN MA-03,1,2,L,red,43.64364128670683,27.031484530585928
872,DragonWear RP-05,4,1,L,red,52.83177583040088,29.251218367433875
873,HanoiStreet UR-11,5,7,M,purple,46.81960744428506,28.15117157705557
874,DragonWear UM-30,5,3,XL,blue,10425.177091172214,7115.183364725037
875,DragonWear UM-19,5,3,S,orange,11626.60103626943,9137.345754404145
876,VietMotion RP-63,4,1,L,green,38.415397252680165,23.49925547126347
877,UrbanVN UE-01,5,5,M,black,8922.087391304349,8475.983021739132
878,VietMode RP-88,4,1,S,green,4629.24,2849.29722
879,VietMotion RP-56,4,1,XL,yellow,58.94633467839673,35.48436098598768
880,HanoiStreet RP-36,4,1,S,pink,23.43905602971568,13.879954859732678
881,SaigonFlex UE-10,5,5,L,orange,30.74527762642181,17.734071800396872
882,DragonWear UM-42,5,3,XL,purple,10818.745208023774,9215.40716819465
883,VietMotion UM-12,5,3,M,silver,50.47715313856764,31.794464597878992
884,HanoiStreet UC-01,5,4,L,pink,18.82298104757963,12.133510917425138
885,BambooCraft UM-06,5,3,S,pink,14247.512493297589,13535.136868632708
886,MekongFit UC-08,5,4,L,green,6110.37,5286.081087
887,VietMotion UM-03,5,3,S,pink,41.44278538358636,24.9855947736624
888,VietMode MA-36,1,2,S,red,5420.109130434782,3545.293382217392
889,VietMode RS-07,4,6,M,yellow,5039.37,2522.708622
890,LotusWear UE-28,5,5,XL,silver,13856.85,8174.155815000001
891,SaigonCore YY-13,2,8,L,pink,2515.8053649635035,2390.015096715328
892,UrbanVN UR-02,5,7,XL,yellow,8126.369999999999,5654.328245999999
893,VietMotion UR-02,5,7,XL,yellow,45.85131388256831,28.627305678763328
894,SaigonCore RP-08,4,1,XL,yellow,64.75266933041797,38.898448915717616
895,SaigonCore UR-09,5,7,XL,blue,5743.991359223301,5456.791791262135
896,UrbanVN RP-07,4,1,S,orange,5291.37,2847.286197
897,SaigonFlex UM-92,5,3,XL,silver,13019.79912189546,11027.769856245455
898,DragonWear UM-01,5,3,L,white,13273.377049180328,8752.464826229509
899,VietMotion RS-16,4,6,XL,blue,27.659626182375,17.10904235714284
900,HanoiStreet RP-14,4,1,L,green,1341.3127118644063,1274.2470762711862
901,VietMotion UC-31,5,4,XL,blue,48.06297103310155,30.72507952736204
902,SaigonFlex UC-36,5,4,XL,black,11194.626315789474,7866.463912105264
903,PhoenixWear MA-06,1,2,XL,silver,7874.37,5049.046044
904,MekongFit UM-13,5,3,S,green,9134.37,8677.6515
905,SaigonFlex UM-77,5,3,S,orange,11541.579742765272,10964.500755627008
906,VietMode MP-21,1,1,M,blue,5353.74,4589.225928
907,LotusWear UE-63,5,5,L,orange,8412.978526645767,7352.101934435736
908,SaigonFlex UE-11,5,5,XL,blue,6819.422254335261,6351.609887687862
909,DragonWear UR-14,5,7,XL,blue,5549.752173913043,3170.018441739131
910,SaigonFlex UC-48,5,4,XL,blue,10477.884955752212,6262.6318380530965
911,SaigonFlex UM-55,5,3,L,red,20605.7840625,17102.800771874998
912,SaigonFlex UM-29,5,3,S,white,20475.451545064378,12027.280237570814
913,BambooCraft UC-11,5,4,S,orange,10488.371582278482,9963.953003164555
914,SaigonFlex UC-22,5,4,M,silver,11020.21447260834,10469.203748977923
915,VietMode MA-24,1,2,S,pink,8377.74,7154.589959999999
916,LotusWear UC-04,5,4,L,red,16691.85,12462.13521
917,UrbanVN UC-25,5,4,L,red,4301.704266090053,3533.8500545929787
918,HanoiStreet UC-16,5,4,M,blue,30.25584774884125,17.459877222806806
919,HanoiStreet YY-11,2,8,L,red,31.28216747612525,18.74300640602044
920,HanoiStreet YY-26,2,8,M,purple,37.82331096677837,20.8467737611827
921,VietMode MA-34,1,2,L,pink,4444.02,3357.4571100000003
922,SaigonCore YY-09,2,8,L,white,6265.98,4713.270156
923,SaigonFlex UC-68,5,4,XL,blue,11026.336363636365,8163.899443636364
924,IndigoViet UM-12,5,3,L,red,15511.570819672132,10377.240878360655
925,MekongStyle UM-02,5,3,S,pink,13423.977329842932,12210.449779225131
926,VietMode RS-49,4,6,XL,black,22.32505480131664,12.39480631628554
927,VietMode RP-12,4,1,S,red,2622.8902649006623,2491.745751655629
928,SaigonFlex UC-82,5,4,M,silver,10151.263043478262,6680.546208913043
929,SaigonFlex UC-41,5,4,S,green,18775.840588235293,12572.302857882352
930,UrbanVN RP-30,4,1,XL,purple,28.047088630409924,16.87199549783042
931,SaigonFlex UM-94,5,3,M,yellow,10349.290430769232,7115.137171153847
932,PhoenixWear UM-01,5,3,L,red,10835.37,10293.6015
933,VietMotion YY-04,2,8,XL,purple,1987.569124423963,1152.392578341014
934,VietMode RP-53,4,1,M,black,22.29044412150247,14.060468749588775
935,VietMode RS-05,4,6,XL,silver,4999.05,4046.23107
936,VietMode UR-01,5,7,S,pink,5164.74,2678.950638
937,SaigonCore YY-40,2,8,M,purple,1211.1452442996742,735.5285068631921
938,UrbanVN MA-12,1,2,XL,yellow,24.307770829746094,14.033506952292084
939,VietMotion MA-05,1,2,XL,black,35.63530294659231,20.57659080145137
940,VietMode RS-48,4,6,L,red,48.523922715489945,31.23102656172188
941,VietMode MA-18,1,2,L,orange,34.15630935276042,21.75166857374073
942,SaigonCore YY-27,2,8,S,orange,4371.085384615384,3285.307775076923
943,HanoiStreet UR-26,5,7,S,red,54.9687289874747,32.410892958162094
944,SaigonFlex UM-45,5,3,S,red,19538.72371179039,12420.766663585153
945,LotusWear UE-55,5,5,L,white,25196.85,23937.0075
946,UrbanVN UR-39,5,7,S,green,2521.250597014925,2395.18806716418
947,SaigonFlex UC-53,5,4,S,pink,6694.905,5116.246400999999
948,SaigonFlex UC-45,5,4,S,red,26.44547294094096,16.0250054413446
949,LotusWear UE-56,5,5,XL,purple,10391.85,9872.2575
950,SaigonFlex UC-46,5,4,M,black,16696.35,14125.112099999997
951,MekongFit UC-04,5,4,L,orange,7253.09891566265,6218.081700397591
952,VietMode RP-23,4,1,XL,black,5140.902162162162,4883.857054054054
953,VietMode RP-09,4,1,M,silver,3778.74,1940.760864
954,SaigonFlex UM-58,5,3,M,blue,20.23986700354174,12.789779049149818
955,LotusWear UE-26,5,5,M,purple,18589.783333333333,11094.382693333331
956,MekongStyle UC-12,5,4,S,red,13324.978153846156,9943.0986984
957,DragonWear UM-44,5,3,M,silver,23.89515899746957,13.852857629498953
958,LotusWear UR-48,5,7,S,green,5749.060762331839,3331.5807117713007
959,VietMode RS-89,4,6,XL,black,6002.08875,5701.9843125
960,HanoiStreet RP-59,4,1,XL,black,2015.37,1914.6015
961,VietMotion RP-59,4,1,L,orange,3918.239568919638,3722.327590473656
962,DragonWear MA-03,1,2,XL,blue,10831.3771884655,10289.808329042224
963,HanoiStreet UC-22,5,4,XL,yellow,10276.115901639345,6593.155962491804
964,MekongFit RP-38,4,1,S,orange,2116.288125,1846.673017875
965,HanoiStreet UR-08,5,7,L,orange,2246.328984375,1699.7971424765624
966,HanoiStreet UM-25,5,3,M,black,18.06653099279958,10.506212312054467
967,VietMode MP-27,1,1,XL,yellow,4603.34,2585.235744
968,SaigonFlex UM-24,5,3,XL,yellow,18774.585398230087,12475.711997123895
969,VietMode RP-04,4,1,S,orange,3054.87,1714.0875569999998
970,SaigonCore UR-02,5,7,S,green,5663.7,5380.514999999999
971,PhoenixWear UR-07,5,7,XL,black,5354.37,2739.295692
972,LotusWear UR-51,5,7,XL,yellow,8186.85,6045.988725
973,VietMode RP-71,4,1,XL,yellow,4469.5675862068965,2982.5424502758624
974,PhoenixWear UR-20,5,7,S,white,5279.316428571428,3096.847017
975,HanoiStreet RP-62,4,1,L,white,22.39813960537897,14.35504051332829
976,VietMotion UR-13,5,7,L,red,23.87213136046396,14.637945799481171
977,VietMode RS-66,4,6,S,pink,30.314076032980378,18.62368813667098
978,VietMode RS-46,4,6,S,pink,5496.296966292135,5221.482117977528
979,VietMotion UR-10,5,7,XL,silver,3338.37,1819.41165
980,VietMode RS-31,4,6,M,blue,31.955745234205093,19.778896568978755
981,VietMode RS-44,4,6,L,green,21.678361372038967,13.454622364557114
982,DragonWear UM-53,5,3,L,green,29.7889424731643,17.33448492430065
983,VietMode RP-63,4,1,XL,black,3202.949302325581,2458.9041793953493
984,HanoiStreet RP-03,4,1,XL,purple,1855.6303211009167,1707.7365845091742
985,VietMode RS-55,4,6,M,silver,4535.37,3411.9588510000003
986,VietMode RP-28,4,1,S,green,18.1513115308442,10.116081543475204
987,VietMode RP-51,4,1,XL,yellow,4629.24,2730.788676
988,SaigonFlex UC-15,5,4,L,red,5184.6242217898825,3404.7427264494163
989,VietMotion UC-33,5,4,M,purple,9105.602557856271,6343.873302058465
990,MekongFit RP-29,4,1,XL,blue,14.6545400126499,8.117653156054045
991,DragonWear UM-15,5,3,S,pink,10710.0,5994.387
992,PhoenixWear UR-05,5,7,M,yellow,41.216511987760136,26.26251651454432
993,VietMode MA-27,1,2,XL,black,21.86968733954577,12.784877049431191
994,HanoiStreet UR-15,5,7,M,yellow,25.499741298868727,14.500270459666716
995,SaigonFlex UC-14,5,4,M,yellow,10084.343684210527,9580.1265
996,HanoiStreet UE-24,5,5,XL,purple,6677.37,6343.501499999999
997,LotusWear UR-11,5,7,XL,yellow,4799.280167597765,4433.575018826817
998,MekongFit RP-06,4,1,S,red,1979.360663900415,1361.8001367634854
999,SaigonFlex UC-10,5,4,M,purple,8950.095000000001,8502.590250000001
1000,BambooCraft UM-05,5,3,XL,silver,11388.249310344829,5870.642519482759
